StartDate,EndDate,Status,IPAddress,Progress,Duration (in seconds),Finished,RecordedDate,ResponseId,RecipientLastName,RecipientFirstName,RecipientEmail,ExternalReference,LocationLatitude,LocationLongitude,DistributionChannel,UserLanguage,Q14,Q14_8_TEXT,Q15,Q15_4_TEXT,Q20,Q16,Q17,Q18,Q19,Q24_1,Q1,Q1_10_TEXT,Q5,Q5_10_TEXT,Q6,Q6_10_TEXT,Q2_1,Q3,Q4,Q4_10_TEXT,Q9_1,Q11,Q11_10_TEXT,Q12,Q12_10_TEXT
Start Date,End Date,Response Type,IP Address,Progress,Duration (in seconds),Finished,Recorded Date,Response ID,Recipient Last Name,Recipient First Name,Recipient Email,External Data Reference,Location Latitude,Location Longitude,Distribution Channel,User Language,What is your race/ethnicity? - Selected Choice,What is your race/ethnicity? - Other - Text,What is your gender? - Selected Choice,What is your gender? - Other - Text,What is your social class year?,"Do you identify as first-generation, low-income (FGLI)?",Are you an international student?,"If you are an international student, what is your home country?","If you are a domestic student, what is your home state?","How popular online would you rate yourself, from not popular at all (0) to very popular (4)? - Popularity","Of the following, which social media apps do you use regularly? Check all that apply. - Selected Choice","Of the following, which social media apps do you use regularly? Check all that apply. - Other - Text","Of the following, which are your top three favorite social media apps? Check your top three. - Selected Choice","Of the following, which are your top three favorite social media apps? Check your top three. - Other - Text","Of the following, which three social media apps do you think is most popular among your age group? Check your top three. - Selected Choice","Of the following, which three social media apps do you think is most popular among your age group? Check your top three. - Other - Text","On average, how much time do you spend on social media apps each day? If you are unsure, please provide your best estimate. - Hours/Day","On average, how often do you post across all your social media apps? If you are unsure, please provide your best estimate.","Of the following, what purposes do you use social media apps for? Check your top three. - Selected Choice","Of the following, what purposes do you use social media apps for? Check your top three. - Other - Text","On average, has your time spent on social media apps each day changed since the pandemic? - Change in Hours/Day","Of the following, which social media apps did you use pre-pandemic? Check all that apply. - Selected Choice","Of the following, which social media apps did you use pre-pandemic? Check all that apply. - Other - Text","Of the following, which social media apps did you use post-pandemic? Check all that apply. - Selected Choice","Of the following, which social media apps did you use post-pandemic? Check all that apply. - Other - Text"
"{""ImportId"":""startDate"",""timeZone"":""America/Denver""}","{""ImportId"":""endDate"",""timeZone"":""America/Denver""}","{""ImportId"":""status""}","{""ImportId"":""ipAddress""}","{""ImportId"":""progress""}","{""ImportId"":""duration""}","{""ImportId"":""finished""}","{""ImportId"":""recordedDate"",""timeZone"":""America/Denver""}","{""ImportId"":""_recordId""}","{""ImportId"":""recipientLastName""}","{""ImportId"":""recipientFirstName""}","{""ImportId"":""recipientEmail""}","{""ImportId"":""externalDataReference""}","{""ImportId"":""locationLatitude""}","{""ImportId"":""locationLongitude""}","{""ImportId"":""distributionChannel""}","{""ImportId"":""userLanguage""}","{""ImportId"":""QID14""}","{""ImportId"":""QID14_8_TEXT""}","{""ImportId"":""QID15""}","{""ImportId"":""QID15_4_TEXT""}","{""ImportId"":""QID20""}","{""ImportId"":""QID16""}","{""ImportId"":""QID17""}","{""ImportId"":""QID18_TEXT""}","{""ImportId"":""QID19_TEXT""}","{""ImportId"":""QID24_1""}","{""ImportId"":""QID1""}","{""ImportId"":""QID1_10_TEXT""}","{""ImportId"":""QID5""}","{""ImportId"":""QID5_10_TEXT""}","{""ImportId"":""QID6""}","{""ImportId"":""QID6_10_TEXT""}","{""ImportId"":""QID2_1""}","{""ImportId"":""QID3""}","{""ImportId"":""QID4""}","{""ImportId"":""QID4_10_TEXT""}","{""ImportId"":""QID9_1""}","{""ImportId"":""QID11""}","{""ImportId"":""QID11_10_TEXT""}","{""ImportId"":""QID12""}","{""ImportId"":""QID12_10_TEXT""}"
2021-03-26 15:00:22,2021-03-26 15:02:07,IP Address,73.208.217.243,100,104,True,2021-03-26 15:02:08,R_2RP04fbvQJGL18C,,,,,41.5836944580078125,-85.8632965087890625,anonymous,EN,Hispanic or Latinx,,Male,,2023,No,No,,Indiana,1,"Facebook Messenger,Snapchat,GroupMe",,"Facebook Messenger,Snapchat,GroupMe",,"Instagram,Snapchat,Twitter",,0,Never,Staying in touch with friends and/or family,,-1,"Facebook Messenger,Instagram,Snapchat",,"Facebook Messenger,Snapchat,GroupMe",
2021-03-26 15:00:27,2021-03-26 15:02:10,IP Address,65.112.8.59,100,102,True,2021-03-26 15:02:11,R_3por5AuXMfZrTIv,,,,,42.3737030029296875,-71.1284027099609375,anonymous,EN,White,,Non-Binary,,2022,No,No,,n/a,2,"Facebook,Facebook Messenger,Twitter,GroupMe",,Twitter,,"Instagram,TikTok",,3,Several times a day,"Staying in touch with friends and/or family,Finding entertaining content,Sharing opinions",,4,"Facebook,Facebook Messenger,Instagram,Twitter,GroupMe",,Other,post pandemic doesnâ€™t exist
2021-03-26 15:00:30,2021-03-26 15:02:56,IP Address,65.112.8.57,100,145,True,2021-03-26 15:02:56,R_3PZjtvoJTr5TKt5,,,,,42.3737030029296875,-71.1284027099609375,anonymous,EN,Other,Mixed,Female,,2021,No,No,,NJ,1,"Facebook,Facebook Messenger,Instagram,LinkedIn,Snapchat,TikTok",,"Facebook Messenger,Instagram,Twitter",,"Facebook Messenger,Instagram,Twitter",,3,Less often,"Staying in touch with friends and/or family,Staying updated on current events,Finding entertaining content",,3,"Facebook,Facebook Messenger,Instagram,Snapchat",,"Facebook,Facebook Messenger,Instagram,LinkedIn,Snapchat,Twitter,TikTok",
2021-03-26 15:01:08,2021-03-26 15:03:20,IP Address,65.112.8.24,100,131,True,2021-03-26 15:03:20,R_1doyrF1sxV0uMio,,,,,42.3737030029296875,-71.1284027099609375,anonymous,EN,Asian or Asian American,,Male,,2022,No,No,,MA,1,"Facebook,Facebook Messenger,Instagram,LinkedIn",,"Facebook,Facebook Messenger,Instagram",,"Facebook,Facebook Messenger,Instagram",,6,Once every few weeks,"Staying in touch with friends and/or family,Staying updated on current events,Finding entertaining content",,4,"Facebook,Facebook Messenger,LinkedIn",,"Facebook,Facebook Messenger,Instagram,LinkedIn",
2021-03-26 15:00:27,2021-03-26 15:04:32,IP Address,65.112.8.16,100,245,True,2021-03-26 15:04:32,R_3gUu9spGUc07blR,,,,,42.3737030029296875,-71.1284027099609375,anonymous,EN,Native Hawaiian or Pacific Islander,,Female,,2024,Yes,No,,New York,3,"Facebook,Instagram,LinkedIn,Snapchat,Twitter,GroupMe,TikTok",,"Instagram,Snapchat",,"Instagram,Snapchat,TikTok",,6,Less often,"Staying in touch with friends and/or family,Networking with other people,Filling spare time",,4,"Instagram,Snapchat",,"Facebook,LinkedIn,Twitter,GroupMe,TikTok",
2021-03-26 15:03:34,2021-03-26 15:04:56,IP Address,73.73.54.197,100,82,True,2021-03-26 15:04:56,R_3PqT6UTopkg9tHr,,,,,41.7920074462890625,-88.1660003662109375,anonymous,EN,Asian or Asian American,,Male,,2023,No,No,,IL,1,"Facebook,Facebook Messenger,Instagram",,"Facebook,Facebook Messenger,Instagram",,"Facebook Messenger,Instagram,Snapchat",,6,Once every few weeks,"Staying in touch with friends and/or family,Finding entertaining content,Sharing photos and videos",,2,"Facebook,Facebook Messenger",,"Facebook,Facebook Messenger,Instagram",
2021-03-26 15:02:20,2021-03-26 15:05:04,IP Address,65.112.8.61,100,163,True,2021-03-26 15:05:04,R_qxD4vkF9AYCg7eh,,,,,42.3737030029296875,-71.1284027099609375,anonymous,EN,Middle Eastern or North African,,Male,,2023,Yes,No,,Illinois,2,"Instagram,LinkedIn,Twitter,WhatsApp,GroupMe",,"Instagram,LinkedIn,Snapchat",,LinkedIn,,2,Once every few weeks,Finding entertaining content,,9,"LinkedIn,Snapchat,Twitter,WhatsApp",,"Instagram,LinkedIn,Snapchat,Twitter,WhatsApp,GroupMe",
2021-03-26 15:02:18,2021-03-26 15:05:27,IP Address,75.69.180.150,100,188,True,2021-03-26 15:05:27,R_XFJUgYDWBe5WRrj,,,,,42.33990478515625,-71.1244964599609375,anonymous,EN,Asian or Asian American,,Female,,Other,No,No,,Massachusetts,,"Facebook,Facebook Messenger,GroupMe,Other","iMessage, FaceTime, Zoom :(","Facebook Messenger,Instagram,LinkedIn",,"Facebook Messenger,Instagram,TikTok",,1,Less often,"Staying in touch with friends and/or family,Staying updated on current events,Finding entertaining content",,-3,"Facebook,Facebook Messenger,Instagram,Twitter,GroupMe",,"Facebook,Facebook Messenger",
2021-03-26 15:04:38,2021-03-26 15:06:23,IP Address,108.12.250.31,100,105,True,2021-03-26 15:06:24,R_4ScjJuy22AlAfoR,,,,,41.8307037353515625,-71.39820098876953125,anonymous,EN,White,,Male,,2022,No,No,,New York,1,"Facebook,Facebook Messenger,Instagram,Snapchat,Twitter",,"Facebook Messenger,Instagram,Twitter",,"Instagram,Snapchat,Twitter",,5,Less often,"Staying updated on current events,Finding entertaining content,Filling spare time",,2,"Facebook,Facebook Messenger,Instagram,Snapchat,Twitter",,"Facebook,Facebook Messenger,Instagram,Snapchat,Twitter",
2021-03-26 15:01:29,2021-03-26 15:06:52,IP Address,73.114.129.84,100,322,True,2021-03-26 15:06:52,R_2q33Cgypaqa8B2Z,,,,,42.3267974853515625,-71.13410186767578125,anonymous,EN,White,,Female,,2021,No,No,,California,2,"Facebook,Facebook Messenger,Instagram,LinkedIn,Snapchat,Twitter,WhatsApp,GroupMe,TikTok",,"Instagram,Snapchat,Twitter",,"Instagram,Snapchat,TikTok",,4,Several times a week,"Staying in touch with friends and/or family,Staying updated on current events,Sharing photos and videos",,2,"Facebook,Facebook Messenger,Instagram,LinkedIn,Snapchat,Twitter,WhatsApp,GroupMe",,"Facebook,Facebook Messenger,Instagram,LinkedIn,Snapchat,Twitter,WhatsApp,GroupMe,TikTok,Other","The pandemic is still going on rip "
2021-03-26 15:07:10,2021-03-26 15:09:17,IP Address,71.59.68.54,100,127,True,2021-03-26 15:09:18,R_1GJRsPG3Scbfd3W,,,,,40.369903564453125,-74.63809967041015625,anonymous,EN,Asian or Asian American,,Male,,2024,No,No,,New Jersey,2,"Facebook,Facebook Messenger,LinkedIn,Twitter,Other",Reddit,"Facebook Messenger,LinkedIn,Other",Reddit,"Facebook,Instagram,Snapchat",,3,Never,"Staying in touch with friends and/or family,Networking with other people,Filling spare time",,2,"Facebook,Facebook Messenger,Instagram,LinkedIn,Other",Reddit,"Facebook,Facebook Messenger,LinkedIn,Other",Reddit
2021-03-26 15:10:39,2021-03-26 15:13:18,IP Address,45.50.112.252,100,158,True,2021-03-26 15:13:18,R_7U4o6UBY9qsraGR,,,,,34.0511016845703125,-118.3323974609375,anonymous,EN,Hispanic or Latinx,,Male,,2024,Yes,No,,Connecticut,1,"Instagram,Snapchat,Twitter,TikTok",,"Instagram,Twitter,TikTok",,"Instagram,Snapchat,TikTok",,4,Less often,"Staying updated on current events,Finding entertaining content,Filling spare time",,2,"Instagram,LinkedIn,Snapchat,Twitter,GroupMe,TikTok",,"Instagram,LinkedIn,Snapchat,Twitter,TikTok",
2021-03-26 15:11:38,2021-03-26 15:14:42,IP Address,65.112.8.30,100,183,True,2021-03-26 15:14:43,R_2463gRZlNuUgC12,,,,,42.3737030029296875,-71.1284027099609375,anonymous,EN,White,,Female,,2021,No,No,,MA,2,"Facebook,Instagram",,"Facebook,Instagram,Other",tumblr,"Instagram,Snapchat,TikTok",,1,Less often,"Staying updated on current events,Finding entertaining content,Filling spare time",,0,"Facebook,Facebook Messenger,Instagram,LinkedIn,Snapchat,GroupMe,Other",tumblr,"Facebook,Facebook Messenger,Instagram,GroupMe,TikTok",
2021-03-26 15:16:44,2021-03-26 15:19:08,IP Address,73.234.222.52,100,143,True,2021-03-26 15:19:08,R_2wzw5SlXvaPKpKZ,,,,,40.975494384765625,-73.6909027099609375,anonymous,EN,White,,Male,,2023,No,No,,Massachusetts,1,"Instagram,Snapchat,Twitter,TikTok",,"Instagram,Snapchat,TikTok",,"Instagram,Snapchat,TikTok",,3,Once every few weeks,"Staying in touch with friends and/or family,Finding entertaining content,Filling spare time",,1,"Instagram,Snapchat,TikTok",,"Instagram,LinkedIn,Snapchat,Twitter,TikTok",
2021-03-26 15:17:33,2021-03-26 15:19:25,IP Address,107.211.116.168,100,112,True,2021-03-26 15:19:25,R_23aBiFG5ocNbRp4,,,,,36.055694580078125,-94.15670013427734375,anonymous,EN,Black or African American,,Female,,2023,Yes,No,,Texas,2,"Instagram,Snapchat,Twitter,TikTok",,"Instagram,Snapchat,TikTok",,"Instagram,Snapchat,Twitter",,7,Once every few weeks,"Staying in touch with friends and/or family,Finding entertaining content,Sharing photos and videos",,3,"Facebook,Facebook Messenger,Instagram,LinkedIn,Snapchat,Twitter,GroupMe,TikTok",,"Facebook,Facebook Messenger,Instagram,LinkedIn,Snapchat,Twitter,GroupMe,TikTok",
2021-03-26 15:06:02,2021-03-26 15:19:49,IP Address,71.67.107.224,100,827,True,2021-03-26 15:19:49,R_2cwKFAidpYOjnLg,,,,,39.33599853515625,-84.31259918212890625,anonymous,EN,Asian or Asian American,,Female,,2023,No,No,,Ohio,2,"Facebook,Facebook Messenger,Instagram,LinkedIn,Snapchat,Twitter,GroupMe,TikTok",,"Facebook,Facebook Messenger,Instagram",,"Instagram,Twitter,TikTok",,3,Once every few weeks,"Staying in touch with friends and/or family,Finding entertaining content,Filling spare time",,2,"Facebook,Facebook Messenger,Instagram,LinkedIn,Snapchat,GroupMe,TikTok",,"Facebook,Facebook Messenger,Instagram,LinkedIn,Snapchat,Twitter,GroupMe",
2021-03-26 15:19:32,2021-03-26 15:21:09,IP Address,65.112.8.56,100,97,True,2021-03-26 15:21:09,R_2tataMCZlEiaezH,,,,,42.3737030029296875,-71.1284027099609375,anonymous,EN,White,,Female,,2022,No,No,,Texas,2,"Facebook,Facebook Messenger,Instagram,LinkedIn,Snapchat,GroupMe",,"Facebook,Instagram,Snapchat",,"Facebook,Instagram,TikTok",,2,Once every few weeks,"Staying in touch with friends and/or family,Staying updated on current events,Finding entertaining content",,2,"Facebook,Facebook Messenger,Instagram,LinkedIn,Snapchat,GroupMe",,"Facebook,Facebook Messenger,Instagram,LinkedIn,Snapchat,GroupMe",
2021-03-26 15:19:37,2021-03-26 15:21:53,IP Address,65.112.8.17,100,136,True,2021-03-26 15:21:53,R_1KwZ9tNwGlOGZK8,,,,,42.3737030029296875,-71.1284027099609375,anonymous,EN,Middle Eastern or North African,,Female,,2024,No,No,,New York,3,"Instagram,Snapchat,WhatsApp,GroupMe,TikTok",,"Instagram,Snapchat,TikTok",,"Instagram,Snapchat,TikTok",,3,Several times a day,"Staying in touch with friends and/or family,Sharing photos and videos,Shopping and/or researching products",,3,"Instagram,Snapchat,GroupMe",,"Facebook,Facebook Messenger,Instagram,Snapchat,WhatsApp,GroupMe,TikTok",
2021-03-26 15:20:36,2021-03-26 15:22:34,IP Address,65.112.8.26,100,117,True,2021-03-26 15:22:34,R_1meh9mHZcukCApU,,,,,42.3737030029296875,-71.1284027099609375,anonymous,EN,White,,Female,,2021,Yes,No,,New Mexico,0,"Facebook,Facebook Messenger,Instagram,LinkedIn,WhatsApp",,"Facebook,Facebook Messenger,Instagram",,"Instagram,Twitter,TikTok",,2,Less often,"Staying in touch with friends and/or family,Sharing photos and videos,Filling spare time",,2,WhatsApp,,"Facebook,Instagram",
2021-03-26 15:22:47,2021-03-26 15:24:32,IP Address,67.242.143.131,100,104,True,2021-03-26 15:24:32,R_1nYONwLEO65PX9B,,,,,43.3925933837890625,-70.47280120849609375,anonymous,EN,Other,Mixed,Female,,2023,No,No,,Massachusetts,2,"Instagram,Snapchat,GroupMe,TikTok",,"Instagram,Snapchat,TikTok",,"Instagram,Snapchat,TikTok",,4,Less often,"Staying in touch with friends and/or family,Staying updated on current events,Finding entertaining content",,4,"Instagram,Snapchat,GroupMe,TikTok",,"Instagram,Snapchat,GroupMe,TikTok",
2021-03-26 15:24:57,2021-03-26 15:26:29,IP Address,73.219.65.25,100,92,True,2021-03-26 15:26:30,R_2Tq2ohIF4ocE1wJ,,,,,42.364898681640625,-71.09870147705078125,anonymous,EN,White,,Male,,2024,No,No,,Massachusetts,2,"Facebook Messenger,Instagram,LinkedIn,Twitter,GroupMe",,"Instagram,Twitter,GroupMe",,"Instagram,Snapchat,TikTok",,2,Several times a day,"Staying updated on current events,Sharing photos and videos,Sharing opinions",,2,"Facebook Messenger,Instagram,Twitter,GroupMe",,"Facebook Messenger,LinkedIn,Twitter,GroupMe",
2021-03-26 15:26:33,2021-03-26 15:28:29,IP Address,71.232.62.41,100,116,True,2021-03-26 15:28:30,R_SQ1DMY5Umt8sBGN,,,,,42.34979248046875,-71.07649993896484375,anonymous,EN,White,,Male,,2023,No,No,,MA,2,"Instagram,Snapchat",,"Instagram,LinkedIn,Snapchat",,"Instagram,Snapchat,TikTok",,6,Less often,"Staying in touch with friends and/or family,Staying updated on current events,Sharing photos and videos",,4,"Instagram,Snapchat",,"Instagram,LinkedIn,Snapchat",
2021-03-26 15:33:31,2021-03-26 15:35:56,IP Address,71.104.9.76,100,144,True,2021-03-26 15:35:57,R_ZkMraExg0K6WmpX,,,,,40.0030975341796875,-74.2263031005859375,anonymous,EN,Asian or Asian American,,Female,,2024,Yes,No,,New Jersey,1,"Snapchat,Twitter,Other",YouTube,"Snapchat,Twitter,Other",YouTube,"Instagram,Snapchat,TikTok",,4,Less often,"Staying updated on current events,Finding entertaining content,Filling spare time",,3,"Snapchat,Twitter,GroupMe,Other",YouTube,"Facebook,Facebook Messenger,Instagram,Snapchat,Twitter,GroupMe,Other",YouTube
2021-03-26 15:39:35,2021-03-26 15:43:17,IP Address,24.61.46.198,100,222,True,2021-03-26 15:43:18,R_2z8ddHCCEXOwNLA,,,,,42.3907012939453125,-71.1349029541015625,anonymous,EN,White,,Male,,2023,No,No,,Massachusetts,0,"Facebook Messenger,GroupMe",,Facebook Messenger,,"Instagram,Snapchat,TikTok",,0,Never,Staying in touch with friends and/or family,,-2,"Facebook,Facebook Messenger,Instagram,GroupMe",,"Facebook Messenger,GroupMe",
2021-03-26 15:44:04,2021-03-26 15:46:04,IP Address,71.232.147.173,100,120,True,2021-03-26 15:46:05,R_1jpQrt3uf8fBvV6,,,,,42.2877960205078125,-71.35870361328125,anonymous,EN,White,,Female,,2023,No,No,,California,3,"Instagram,Snapchat,TikTok",,"Instagram,Snapchat,TikTok",,"Instagram,Snapchat,TikTok",,3,About once a week,"Staying in touch with friends and/or family,Staying updated on current events,Finding entertaining content",,2,"Facebook,Instagram,Snapchat",,"Instagram,Snapchat,TikTok",
2021-03-26 15:44:29,2021-03-26 15:46:39,IP Address,107.77.225.181,100,129,True,2021-03-26 15:46:39,R_1LFpIKtzLr7wSwG,,,,,40.8437957763671875,-73.8813018798828125,anonymous,EN,White,,Female,,2023,Yes,No,,Michigan,2,"Instagram,Snapchat,Twitter,GroupMe,TikTok",,"Instagram,Snapchat,TikTok",,"Instagram,Snapchat,TikTok",,2,Once every few weeks,"Staying in touch with friends and/or family,Finding entertaining content,Filling spare time",,1,"Instagram,Snapchat,Twitter,GroupMe",,"Instagram,Snapchat,Twitter,GroupMe,TikTok",
2021-03-26 15:47:10,2021-03-26 15:49:50,IP Address,73.69.210.223,100,160,True,2021-03-26 15:49:50,R_AFY9Ruaj2nAeGMV,,,,,42.391204833984375,-71.08820343017578125,anonymous,EN,Other,Multiracial,Female,,2024,No,No,,Maryland,2,"Facebook,Facebook Messenger,Instagram,GroupMe",,"Facebook,Facebook Messenger,Instagram",,"Instagram,Snapchat,TikTok",,2,Less often,"Staying updated on current events,Finding entertaining content,Filling spare time",,1,"Facebook Messenger,Instagram,Snapchat",,"Facebook,Facebook Messenger,Instagram,GroupMe",
2021-03-26 15:47:31,2021-03-26 15:50:42,IP Address,24.220.199.134,100,190,True,2021-03-26 15:50:42,R_10DhOJfBf8ScVth,,,,,45.463592529296875,-98.48290252685546875,anonymous,EN,White,,Male,,2024,No,No,,South Dakota,0,"GroupMe,Other","Discord, Slack",Other,None of the above,"Instagram,Twitter,TikTok",,0,Never,Staying in touch with friends and/or family,,-1,Snapchat,,"GroupMe,Other","Discord, Slack"
2021-03-26 15:47:24,2021-03-26 15:52:18,IP Address,217.138.213.236,100,293,True,2021-03-26 15:52:19,R_3IX1cOatSRwhUIl,,,,,45.4994049072265625,-73.5702972412109375,anonymous,EN,Asian or Asian American,,Male,,2023,Yes,No,,New Jersey,2,"Facebook Messenger,Instagram,LinkedIn,Twitter",,"Instagram,LinkedIn",,"Instagram,Snapchat,TikTok",,4,Less often,"Networking with other people,Sharing photos and videos",,-4,"Instagram,LinkedIn,Twitter",,"Facebook Messenger,Instagram,LinkedIn",
2021-03-26 15:54:54,2021-03-26 15:57:51,IP Address,93.86.132.97,100,177,True,2021-03-26 15:57:52,R_2q1PRuqznls7XHo,,,,,44.8166046142578125,20.47210693359375,anonymous,EN,White,,Female,,2023,No,Yes,Romania,,2,"Facebook,Facebook Messenger,Instagram,WhatsApp",,"Facebook,Facebook Messenger,Instagram",,"Snapchat,Twitter,TikTok",,2,Less often,"Staying in touch with friends and/or family,Staying updated on current events,Sharing photos and videos",,1,"Facebook,Facebook Messenger,Instagram,WhatsApp",,"Facebook,Facebook Messenger,Instagram,WhatsApp",
2021-03-26 16:00:20,2021-03-26 16:01:47,IP Address,24.61.244.43,100,86,True,2021-03-26 16:01:47,R_6fXCNwlmNc5BXeV,,,,,42.3737030029296875,-71.1284027099609375,anonymous,EN,White,,Female,,2021,No,No,,MA,2,"Facebook,Facebook Messenger,Instagram,Twitter",,"Facebook Messenger,Instagram,Twitter",,"Facebook Messenger,Instagram,Twitter",,3,Less often,"Staying updated on current events,Finding entertaining content,Filling spare time",,2,"Facebook,Facebook Messenger,Instagram,Twitter,GroupMe",,"Facebook,Facebook Messenger,Instagram,Twitter,GroupMe",
2021-03-26 16:00:01,2021-03-26 16:03:14,IP Address,65.112.8.24,100,192,True,2021-03-26 16:03:14,R_2AYgKmn4CUzB6Gk,,,,,42.3737030029296875,-71.1284027099609375,anonymous,EN,White,,Female,,2022,No,No,,Kentucky,3,"Facebook,Instagram,Snapchat,GroupMe",,"Instagram,Snapchat,GroupMe",,"Instagram,Snapchat,TikTok",,3,About once a week,"Staying in touch with friends and/or family,Finding entertaining content,Filling spare time",,2,"Facebook,Facebook Messenger,Instagram,Snapchat,Twitter,GroupMe",,"Facebook,Facebook Messenger,Instagram,Snapchat,GroupMe",
2021-03-26 16:01:30,2021-03-26 16:04:47,IP Address,65.112.8.48,100,197,True,2021-03-26 16:04:48,R_3CC7fGwcHjmE0jx,,,,,42.3737030029296875,-71.1284027099609375,anonymous,EN,White,,Female,,2022,No,No,,Mississippi,3,"Facebook,Instagram,LinkedIn,Snapchat,Twitter,GroupMe,TikTok",,"Instagram,Twitter,TikTok",,"Instagram,Snapchat,Twitter",,5,Once every few weeks,"Staying in touch with friends and/or family,Finding entertaining content,Filling spare time",,3,"Facebook,Instagram,LinkedIn,Snapchat,Twitter,GroupMe,TikTok",,"Facebook,Instagram,LinkedIn,Snapchat,Twitter,GroupMe,TikTok",
2021-03-26 16:04:26,2021-03-26 16:06:37,IP Address,71.232.147.173,100,131,True,2021-03-26 16:06:37,R_12xzy3XpRCqrJtc,,,,,42.2877960205078125,-71.35870361328125,anonymous,EN,Hispanic or Latinx,,Female,,2023,No,No,,Massachusetts,1,"Facebook,Instagram,Snapchat",,"Facebook,Instagram,Snapchat",,"Instagram,Snapchat,TikTok",,2,Less often,"Staying in touch with friends and/or family,Finding entertaining content,Sharing photos and videos",,1,"Facebook,Instagram,Snapchat",,"Facebook,Instagram,Snapchat",
2021-03-26 16:05:10,2021-03-26 16:07:42,IP Address,107.77.225.132,100,152,True,2021-03-26 16:07:43,R_Y4jbp1qjm1M57DH,,,,,40.8437957763671875,-73.8813018798828125,anonymous,EN,White,,Female,,2023,No,No,,California,2,"Instagram,Snapchat,GroupMe,TikTok",,"Instagram,Snapchat,TikTok",,"Instagram,Snapchat,TikTok",,5,Once every few weeks,"Staying in touch with friends and/or family,Finding entertaining content,Sharing photos and videos",,2,"Instagram,Snapchat,GroupMe,TikTok",,"Instagram,Snapchat,GroupMe,TikTok",
2021-03-26 16:05:34,2021-03-26 16:08:45,IP Address,185.115.101.213,100,191,True,2021-03-26 16:08:46,R_5nbP4dptqzoL0jL,,,,,34.020599365234375,35.6732025146484375,anonymous,EN,Middle Eastern or North African,,Female,,2024,No,Yes,Lebanon,,2,"Instagram,WhatsApp,GroupMe,TikTok",,"Instagram,WhatsApp,TikTok",,"Instagram,Snapchat,TikTok",,5,Less often,"Staying updated on current events,Finding entertaining content,Sharing photos and videos",,2,"Facebook Messenger,Instagram,WhatsApp,GroupMe",,"Facebook Messenger,Instagram,WhatsApp,GroupMe,TikTok",
2021-03-26 15:09:57,2021-03-26 16:13:44,IP Address,82.36.157.49,100,3827,True,2021-03-26 16:13:45,R_1QKoxhD7g4ee2ng,,,,,52.4217071533203125,-1.997406005859375,anonymous,EN,Asian or Asian American,,Female,,2024,No,No,,IL,1,"Facebook Messenger,Instagram,Snapchat,WhatsApp,GroupMe,Other",reddit,"Instagram,Snapchat,Other",reddit,"Instagram,Snapchat,TikTok",,3,Less often,"Staying in touch with friends and/or family,Finding entertaining content,Filling spare time",,2,"Instagram,Snapchat,WhatsApp,Other",Reddit,"Facebook Messenger,Instagram,Snapchat,WhatsApp,GroupMe,Other",Reddit
2021-03-26 16:12:50,2021-03-26 16:14:24,IP Address,65.112.8.61,100,94,True,2021-03-26 16:14:25,R_2wKMOrQkOCS4EX7,,,,,42.3737030029296875,-71.1284027099609375,anonymous,EN,White,,Female,,2021,No,No,,Pennsylvania,0,"Facebook,Facebook Messenger,Instagram,LinkedIn,Snapchat,Twitter,GroupMe,Other",Tumblr,"Instagram,Twitter,Other",Tumblr,"Facebook Messenger,Instagram,WhatsApp",,3,About once a day,"Finding entertaining content,Sharing opinions,Filling spare time",,2,"Facebook,Facebook Messenger,Snapchat,Twitter,WhatsApp,GroupMe,Other",Tumblr,"Facebook,Facebook Messenger,Instagram,LinkedIn,Snapchat,Twitter,GroupMe,Other",Tumblr
2021-03-26 15:41:45,2021-03-26 16:14:49,IP Address,45.23.137.50,100,1984,True,2021-03-26 16:14:50,R_XMudSYVw08mz8t3,,,,,37.3697967529296875,-121.81600189208984375,anonymous,EN,Asian or Asian American,,Female,,2023,No,No,,California,3,"Facebook,Facebook Messenger,Instagram,LinkedIn,Snapchat,TikTok",,"Instagram,Snapchat,TikTok",,"Instagram,Snapchat,TikTok",,4,Once every few weeks,"Staying in touch with friends and/or family,Staying updated on current events,Finding entertaining content",,8,"Facebook,Facebook Messenger,Instagram,LinkedIn,Snapchat,WhatsApp",,"Facebook,Facebook Messenger,Instagram,LinkedIn,Snapchat,TikTok",
2021-03-26 16:16:16,2021-03-26 16:20:51,IP Address,73.16.84.151,100,274,True,2021-03-26 16:20:51,R_2Rb2ZESuPJKKJg7,,,,,42.2971038818359375,-71.0619964599609375,anonymous,EN,Other,Hi! Make sure that you're able to select multiple race categories,Other,Unclear why this is relevant. It's good practice to put demographic information at the end of these surveys.,2021,No,No,,Michigan,1,"Facebook,Facebook Messenger,Instagram,LinkedIn,Twitter",,"Facebook,Instagram,Twitter",,"Instagram,Twitter,TikTok",,5,Less often,"Staying in touch with friends and/or family,Finding entertaining content,Sharing photos and videos",,3,"Facebook,Facebook Messenger,Instagram,LinkedIn,Twitter",,"Facebook,Facebook Messenger,Instagram,LinkedIn,Twitter",
2021-03-26 16:15:06,2021-03-26 16:20:59,IP Address,65.112.8.49,100,352,True,2021-03-26 16:21:00,R_21h3a87WqkmGoRD,,,,,42.3737030029296875,-71.1284027099609375,anonymous,EN,Asian or Asian American,,Female,,2022,No,No,,Oregon,2,"Facebook,Facebook Messenger,Instagram,LinkedIn,Twitter",,Twitter,,"Facebook Messenger,Instagram,TikTok",,2,Less often,"Staying in touch with friends and/or family,Staying updated on current events,Finding entertaining content",,1,"Facebook,Facebook Messenger,Instagram,LinkedIn,Twitter",,"Facebook,Facebook Messenger,Instagram,LinkedIn,Twitter,TikTok",
2021-03-26 16:15:48,2021-03-26 16:25:29,IP Address,108.20.197.21,100,580,True,2021-03-26 16:25:29,R_1C9D3kr7GqS7ffq,,,,,42.2440948486328125,-71.16880035400390625,anonymous,EN,Asian or Asian American,,Male,,2024,No,No,,Massachusetts,2,"Facebook Messenger,Instagram,Snapchat,GroupMe",,"Facebook Messenger,Instagram,Snapchat",,"Instagram,Snapchat,TikTok",,1,About once a day,"Staying in touch with friends and/or family,Staying updated on current events,Sharing opinions",,0,"Facebook,Facebook Messenger,Instagram,Snapchat,GroupMe",,"Facebook,Facebook Messenger,Instagram,Snapchat,Twitter,GroupMe",
2021-03-26 16:33:48,2021-03-26 16:36:42,IP Address,24.219.224.181,100,174,True,2021-03-26 16:36:43,R_YRfyUagoZIPr4u5,,,,,37.751007080078125,-97.82199859619140625,anonymous,EN,Other,biracial (white and asian),Female,,2022,No,No,,Massachusetts,3,"Facebook,Instagram,LinkedIn,Snapchat,GroupMe,TikTok",,"Instagram,Snapchat,TikTok",,"Instagram,Twitter,TikTok",,3,Once every few weeks,"Staying in touch with friends and/or family,Finding entertaining content,Sharing photos and videos",,2,"Facebook,Instagram,LinkedIn,Snapchat,GroupMe,TikTok",,"Facebook,Instagram,LinkedIn,Snapchat,GroupMe,TikTok",
2021-03-26 16:49:21,2021-03-26 16:51:15,IP Address,76.119.232.66,100,113,True,2021-03-26 16:51:15,R_1M4nP1RUZOuIsH2,,,,,42.364898681640625,-71.09870147705078125,anonymous,EN,Asian or Asian American,,Female,,2024,No,No,,Texas,3,"Facebook,Facebook Messenger,Instagram,Snapchat,TikTok",,"Facebook,Instagram,TikTok",,"Instagram,Snapchat,TikTok",,1,Once every few weeks,"Finding entertaining content,Sharing photos and videos,Filling spare time",,1,"Facebook Messenger,Instagram,Snapchat,GroupMe",,"Facebook,Facebook Messenger,Instagram,LinkedIn,Snapchat,Twitter,TikTok",
2021-03-26 15:21:13,2021-03-26 16:55:17,IP Address,8.3.80.124,100,5643,True,2021-03-26 16:55:17,R_3Lkkm6H1YXR4fgG,,,,,38.9091033935546875,-77.02030181884765625,anonymous,EN,Black or African American,,Female,,2022,No,No,,"Washington, DC",1,"LinkedIn,GroupMe",,"LinkedIn,Twitter,TikTok",,"Instagram,Snapchat,TikTok",,1,Never,"Finding entertaining content,Filling spare time",,0,"LinkedIn,GroupMe",,"LinkedIn,GroupMe",
2021-03-26 16:53:38,2021-03-26 16:55:55,IP Address,108.26.232.195,100,137,True,2021-03-26 16:55:55,R_2xSnRQkkxrw46fZ,,,,,42.3291015625,-71.1815032958984375,anonymous,EN,White,,Female,,2024,Yes,No,,MA,3,"Instagram,Snapchat,GroupMe,TikTok",,"Instagram,Snapchat,TikTok",,"Instagram,Snapchat,TikTok",,3,Once every few weeks,"Staying in touch with friends and/or family,Sharing photos and videos,Filling spare time",,1,"Instagram,Snapchat,TikTok",,"Instagram,LinkedIn,Snapchat,GroupMe,TikTok",
2021-03-26 17:27:38,2021-03-26 17:30:12,IP Address,24.61.243.139,100,153,True,2021-03-26 17:30:12,R_VXBc4Wghrl8z7KF,,,,,42.3737030029296875,-71.1284027099609375,anonymous,EN,Asian or Asian American,,Male,,2022,No,No,,Massachusetts,1,"Facebook,Facebook Messenger,Instagram,LinkedIn,GroupMe,Other",Discord,"Facebook,Instagram,Other",Discord,"Instagram,Snapchat,TikTok",,2,Once every few weeks,"Staying in touch with friends and/or family,Staying updated on current events,Finding entertaining content",,1,"Facebook,Facebook Messenger,Instagram,LinkedIn,GroupMe",,"Facebook,Facebook Messenger,Instagram,LinkedIn,Snapchat,GroupMe,Other",Discord
2021-03-26 17:38:15,2021-03-26 17:40:51,IP Address,73.145.162.157,100,155,True,2021-03-26 17:40:51,R_1rlge7SNRrolYga,,,,,42.28070068359375,-83.78009796142578125,anonymous,EN,Other,White and hispanic,Male,,2022,Yes,No,,Michigan,1,"Facebook,Facebook Messenger,Instagram,Snapchat,GroupMe,TikTok",,"Facebook,Snapchat,TikTok",,"Instagram,Snapchat,TikTok",,1,Never,"Staying in touch with friends and/or family,Finding entertaining content,Filling spare time",,0,"Instagram,Snapchat,GroupMe",,"Facebook,Facebook Messenger,Snapchat,GroupMe,TikTok",
2021-03-26 17:43:30,2021-03-26 17:45:52,IP Address,99.229.120.203,100,141,True,2021-03-26 17:45:53,R_2EocmgzQeZQ5NBd,,,,,43.8231048583984375,-79.39990234375,anonymous,EN,Asian or Asian American,,Male,,2024,No,Yes,Canada,,1,"Facebook,Facebook Messenger,Instagram,LinkedIn",,"Facebook,Facebook Messenger,Instagram",,"Instagram,Snapchat,TikTok",,1,Less often,"Staying in touch with friends and/or family,Finding entertaining content,Filling spare time",,1,"Facebook,Facebook Messenger,Instagram,LinkedIn",,"Facebook,Facebook Messenger,Instagram,LinkedIn,Twitter,GroupMe",
2021-03-26 17:50:19,2021-03-26 17:53:37,IP Address,71.85.10.163,100,198,True,2021-03-26 17:53:37,R_25L7S7sQHyd7N6t,,,,,34.8307952880859375,-82.35070037841796875,anonymous,EN,Black or African American,,Female,,2022,No,No,,South Carolina,0,"Snapchat,GroupMe,TikTok",,"Snapchat,Twitter,TikTok",,"Instagram,Snapchat,Twitter",,5,Once every few weeks,"Staying updated on current events,Finding entertaining content,Sharing photos and videos",,4,"Facebook,Facebook Messenger,Instagram,Snapchat,Twitter,WhatsApp,GroupMe",,"Facebook,Facebook Messenger,Instagram,Snapchat,Twitter,WhatsApp,GroupMe,TikTok",
2021-03-26 15:35:35,2021-03-26 17:59:58,IP Address,71.232.55.232,100,8662,True,2021-03-26 17:59:58,R_1qUpCQNjGXA6z2N,,,,,42.3639984130859375,-71.02649688720703125,anonymous,EN,Middle Eastern or North African,,Female,,2023,Yes,No,,Massachusetts,1,"Facebook,Instagram,LinkedIn,Snapchat,Twitter,WhatsApp,GroupMe",,"Instagram,Twitter,WhatsApp",,"Instagram,Twitter,TikTok",,2,Less often,"Staying in touch with friends and/or family,Staying updated on current events,Filling spare time",,1,"Facebook,Facebook Messenger,Instagram,LinkedIn,Snapchat,WhatsApp,GroupMe,TikTok",,"Facebook,Facebook Messenger,Instagram,LinkedIn,Snapchat,Twitter,WhatsApp,GroupMe",
2021-03-26 18:02:10,2021-03-26 18:05:32,IP Address,65.112.8.29,100,202,True,2021-03-26 18:05:32,R_2aFyPAATmdhG4mX,,,,,42.3737030029296875,-71.1284027099609375,anonymous,EN,Asian or Asian American,,Male,,2023,No,Yes,India,,1,"Facebook,Facebook Messenger,Instagram,LinkedIn,WhatsApp,GroupMe",,"Facebook,Facebook Messenger,WhatsApp",,"Instagram,Snapchat,TikTok",,1,Never,"Staying in touch with friends and/or family,Finding entertaining content,Filling spare time",,1,"Facebook,Facebook Messenger,Instagram,LinkedIn,WhatsApp,GroupMe",,"Facebook,Facebook Messenger,Instagram,LinkedIn,WhatsApp,GroupMe",
2021-03-26 18:13:11,2021-03-26 18:22:56,IP Address,98.36.220.123,100,585,True,2021-03-26 18:22:56,R_8wdYMvrE1ZGxXyh,,,,,36.8271942138671875,-119.6804962158203125,anonymous,EN,Hispanic or Latinx,,Male,,2023,Yes,No,,California,1,"Facebook,Facebook Messenger,Instagram,Snapchat,GroupMe,TikTok",,"Instagram,Snapchat,TikTok",,Instagram,,4,Once every few weeks,"Staying updated on current events,Finding entertaining content,Sharing opinions",,2,"Facebook,Facebook Messenger,Instagram,Snapchat,GroupMe,TikTok",,"Facebook,Facebook Messenger,Instagram,Snapchat,GroupMe,TikTok",
2021-03-26 18:43:58,2021-03-26 18:49:58,IP Address,173.71.121.98,100,359,True,2021-03-26 18:49:58,R_3PtxmzN6q8WPao5,,,,,40.26690673828125,-74.65110015869140625,anonymous,EN,Black or African American,,Male,,2021,No,No,,NJ,0,"Facebook,Facebook Messenger,WhatsApp,TikTok",,"Facebook Messenger,WhatsApp,TikTok",,"Instagram,Twitter,TikTok",,3,Once every few weeks,"Staying in touch with friends and/or family,Finding entertaining content,Filling spare time",,2,"Facebook,Facebook Messenger,Instagram,LinkedIn,Snapchat,WhatsApp,GroupMe",,"Facebook,Facebook Messenger,Instagram,LinkedIn,WhatsApp,GroupMe,TikTok",
2021-03-26 19:28:01,2021-03-26 19:31:43,IP Address,137.83.115.217,100,222,True,2021-03-26 19:31:43,R_2uDSiAtWUCvXucE,,,,,42.346405029296875,-71.097503662109375,anonymous,EN,Asian or Asian American,,Male,,2022,No,Yes,India,,2,"Facebook,Facebook Messenger,Instagram,LinkedIn,Snapchat,Twitter,WhatsApp,GroupMe",,"Facebook,Instagram,Twitter",,"Instagram,Snapchat,TikTok",,4,About once a week,"Staying in touch with friends and/or family,Staying updated on current events,Finding entertaining content",,3,"Facebook,Facebook Messenger,Instagram,LinkedIn,Snapchat,Twitter,WhatsApp,GroupMe",,"Facebook,Facebook Messenger,Instagram,LinkedIn,Snapchat,Twitter,WhatsApp,GroupMe",
2021-03-26 20:02:52,2021-03-26 20:05:01,IP Address,65.112.8.22,100,128,True,2021-03-26 20:05:01,R_2sUdBaMzOrzPUeP,,,,,42.3737030029296875,-71.1284027099609375,anonymous,EN,White,,Female,,2024,No,No,,California,2,"Facebook,Facebook Messenger,Instagram,LinkedIn,GroupMe",,"Facebook,Facebook Messenger,Instagram",,"Facebook Messenger,Instagram,TikTok",,1,Less often,"Staying in touch with friends and/or family,Staying updated on current events,Networking with other people",,1,"Facebook,Facebook Messenger,Instagram",,"Facebook,Facebook Messenger,Instagram,LinkedIn,GroupMe",
2021-03-26 20:46:59,2021-03-26 20:59:34,IP Address,74.221.69.108,100,755,True,2021-03-26 20:59:35,R_33BaZdkLxAztMnf,,,,,46.118896484375,-67.86299896240234375,anonymous,EN,White,,Male,,2024,No,No,,Maine,2,"Instagram,Snapchat,GroupMe",,"Instagram,Snapchat",,"Instagram,Snapchat,TikTok",,4,Less often,"Staying in touch with friends and/or family,Staying updated on current events,Finding entertaining content",,5,"Facebook,Instagram,Snapchat",,"Instagram,Snapchat,GroupMe",
2021-03-26 20:57:27,2021-03-26 21:13:05,IP Address,192.76.177.125,100,937,True,2021-03-26 21:13:05,R_2fkxkX5uSDdkfV6,,,,,40.738006591796875,-73.98580169677734375,anonymous,EN,Asian or Asian American,,Female,,2024,No,No,,texas,2,"Facebook,Facebook Messenger,Instagram,LinkedIn,Snapchat,GroupMe,TikTok",,"Facebook Messenger,Instagram,LinkedIn",,"Instagram,LinkedIn,TikTok",,3,About once a week,"Meeting other people,Finding entertaining content,Sharing photos and videos",,4,"Facebook,Facebook Messenger,Instagram,LinkedIn,GroupMe,TikTok",,"Facebook,Facebook Messenger,Instagram,LinkedIn,Snapchat,Twitter,GroupMe,TikTok",
2021-03-26 21:37:29,2021-03-26 21:39:29,IP Address,173.79.117.203,100,120,True,2021-03-26 21:39:30,R_3lX14FwIwP0rceO,,,,,39.05029296875,-77.390899658203125,anonymous,EN,Middle Eastern or North African,,Female,,2022,No,No,,Virginia,1,"Facebook,Facebook Messenger,Instagram,Snapchat,TikTok",,"Facebook,Facebook Messenger,TikTok",,"Instagram,Snapchat,TikTok",,4,Less often,"Staying in touch with friends and/or family,Finding entertaining content,Filling spare time",,2,"Facebook,Facebook Messenger,Instagram,Snapchat",,"Facebook,Facebook Messenger,Instagram,Snapchat,TikTok",
2021-03-26 21:35:19,2021-03-26 21:47:32,IP Address,206.251.92.139,100,733,True,2021-03-26 21:47:32,R_2xKqg6oJjFEKvKp,,,,,34.7498931884765625,-117.336700439453125,anonymous,EN,Native American,,Female,,2024,Yes,No,,California,3,"Instagram,Snapchat,Twitter,TikTok",,"Instagram,Twitter,TikTok",,"Snapchat,Twitter,TikTok",,2,Several times a day,"Staying updated on current events,Sharing photos and videos,Filling spare time",,-2,"Facebook,Instagram,LinkedIn,Snapchat,Twitter,GroupMe,TikTok",,"Instagram,Snapchat,TikTok",
2021-03-26 22:20:47,2021-03-26 22:45:25,IP Address,209.6.154.222,100,1477,True,2021-03-26 22:45:25,R_1mI52d0FwuTM35w,,,,,42.3473968505859375,-71.158203125,anonymous,EN,Hispanic or Latinx,,Female,,2023,Yes,No,,"MA ",1,"Facebook,Instagram,Snapchat,TikTok",,"Instagram,Snapchat,TikTok",,"Instagram,Snapchat,TikTok",,5,Less often,"Finding entertaining content,Sharing photos and videos,Filling spare time",,2,"Facebook,Instagram,Snapchat",,"Facebook,Instagram,Snapchat,TikTok",
2021-03-27 09:03:54,2021-03-27 09:13:41,IP Address,65.112.8.57,100,587,True,2021-03-27 09:13:42,R_24IQbs9DJQrAFUu,,,,,42.3737030029296875,-71.1284027099609375,anonymous,EN,White,,Male,,2024,No,No,,Maryland,2,"Instagram,LinkedIn,Snapchat,GroupMe",,"Instagram,LinkedIn,Snapchat",,"Instagram,Snapchat,TikTok",,3,Less often,"Staying in touch with friends and/or family,Networking with other people,Filling spare time",,-2,"Facebook,Facebook Messenger,Instagram,LinkedIn,Snapchat,WhatsApp",,"Facebook,Facebook Messenger,Instagram,LinkedIn,Snapchat,WhatsApp,GroupMe",
2021-03-27 10:41:04,2021-03-27 10:43:28,IP Address,71.225.106.54,100,143,True,2021-03-27 10:43:29,R_2AQijhN98ZmWyrs,,,,,40.057403564453125,-75.401702880859375,anonymous,EN,White,,Female,,2023,No,No,,Pennsylvania,1,"Facebook,Facebook Messenger,Instagram,LinkedIn,Snapchat,GroupMe",,"Facebook,Facebook Messenger,Instagram",,"Facebook,Instagram,Snapchat",,3,Less often,"Staying in touch with friends and/or family,Staying updated on current events,Finding entertaining content",,2,"Facebook,Facebook Messenger,Instagram,GroupMe",,"Facebook,Facebook Messenger,Instagram,LinkedIn,Snapchat,Twitter,WhatsApp,GroupMe",
2021-03-27 11:21:04,2021-03-27 11:23:03,IP Address,174.244.242.114,100,119,True,2021-03-27 11:23:04,R_2osz1NX9OQLNmKd,,,,,38.8137969970703125,-77.1486968994140625,anonymous,EN,White,,Female,,2024,No,No,,Virginia,2,"Instagram,Twitter,TikTok",,"Instagram,Twitter,TikTok",,"Instagram,Snapchat,TikTok",,3,Less often,"Staying updated on current events,Finding entertaining content,Filling spare time",,0,"Instagram,Snapchat,Twitter",,"Instagram,Snapchat,Twitter,TikTok",
2021-03-27 11:23:38,2021-03-27 11:25:24,IP Address,73.253.200.218,100,105,True,2021-03-27 11:25:24,R_3h4whlSDToHzSI4,,,,,42.3291015625,-71.1815032958984375,anonymous,EN,White,,Female,,2021,No,No,,Mass,2,"Facebook Messenger,Instagram,Snapchat,Twitter,WhatsApp,GroupMe",,"Instagram,Twitter,Other",Reddit,"Instagram,Snapchat,TikTok",,2,Once every few weeks,"Staying updated on current events,Shopping and/or researching products,Other",Creative inspiration,3,"Facebook,Facebook Messenger,Instagram,LinkedIn,Snapchat,Twitter,WhatsApp,GroupMe",,"Facebook Messenger,Instagram,LinkedIn,Snapchat,Twitter,WhatsApp,GroupMe",
2021-03-27 11:21:51,2021-03-27 11:37:29,IP Address,68.133.23.65,100,937,True,2021-03-27 11:37:30,R_2PzHfw4uYZFSsku,,,,,43.0446014404296875,-78.78289794921875,anonymous,EN,Black or African American,,Male,,2024,No,No,,New York State,2,"Facebook,Instagram,LinkedIn,Twitter,WhatsApp,GroupMe,TikTok",,"Instagram,Twitter,TikTok",,"Instagram,Snapchat,TikTok",,4,Several times a day,"Staying updated on current events,Finding entertaining content,Sharing opinions",,2,"Instagram,LinkedIn,Twitter,WhatsApp",,"Facebook,Facebook Messenger,Instagram,LinkedIn,Twitter,WhatsApp,GroupMe,TikTok",
2021-03-27 12:20:46,2021-03-27 12:23:49,IP Address,65.112.8.55,100,182,True,2021-03-27 12:23:49,R_1hX6dPCMmQeAWRV,,,,,42.3737030029296875,-71.1284027099609375,anonymous,EN,White,,Female,,2021,Yes,Yes,New Zealand,,1,"Facebook,Facebook Messenger,Instagram,LinkedIn,Snapchat,Twitter,GroupMe",,"Instagram,Snapchat,TikTok",,"Facebook Messenger,Instagram,LinkedIn",,2,Less often,"Staying in touch with friends and/or family,Staying updated on current events,Shopping and/or researching products",,1,"Facebook,Facebook Messenger,Instagram,Snapchat,GroupMe",,"Facebook,Facebook Messenger,Instagram,LinkedIn,Snapchat,Twitter,GroupMe,TikTok",
2021-03-27 12:44:54,2021-03-27 12:47:27,IP Address,174.248.251.68,100,153,True,2021-03-27 12:47:28,R_3Pn4k9FDfP6qQX4,,,,,40.7960968017578125,-73.95130157470703125,anonymous,EN,White,,Male,,Other,No,No,,New York,0,"Facebook,Instagram,Snapchat,GroupMe",,"Facebook,Instagram,Snapchat",,"Instagram,Snapchat,TikTok",,2,Once every few weeks,"Staying in touch with friends and/or family,Staying updated on current events,Filling spare time",,1,"Facebook,Facebook Messenger,Instagram,Snapchat,GroupMe",,"Facebook,Facebook Messenger,Instagram,LinkedIn,Snapchat,Twitter,GroupMe",
2021-03-27 12:53:20,2021-03-27 12:57:06,IP Address,50.81.141.221,100,225,True,2021-03-27 12:57:06,R_1GxktYj9jrlaNwO,,,,,41.64349365234375,-91.5684967041015625,anonymous,EN,Other,North African and White,Female,,2022,No,No,,Iowa,2,"Twitter,GroupMe",,Twitter,,"Instagram,Twitter,TikTok",,2,Once every few weeks,"Staying in touch with friends and/or family,Staying updated on current events,Finding entertaining content",,-3,"Facebook,Facebook Messenger,Instagram,LinkedIn,Snapchat,Twitter,WhatsApp,GroupMe",,"Twitter,GroupMe",
2021-03-27 13:58:50,2021-03-27 14:01:41,IP Address,209.6.70.229,100,170,True,2021-03-27 14:01:41,R_3HoycEdYbw3eXCU,,,,,42.3473968505859375,-71.158203125,anonymous,EN,Hispanic or Latinx,,Female,,2023,No,No,,Michigan,1,"Facebook Messenger,Instagram,Snapchat,Twitter,WhatsApp",,"Facebook Messenger,Instagram,Snapchat",,"Instagram,Twitter,TikTok",,2,Several times a day,"Staying in touch with friends and/or family,Finding entertaining content,Filling spare time",,1,"Facebook,Facebook Messenger,Instagram,Snapchat,Twitter,WhatsApp,GroupMe",,"Facebook,Facebook Messenger,Instagram,Snapchat,Twitter,WhatsApp",
2021-03-27 14:24:43,2021-03-27 14:27:06,IP Address,97.94.18.2,100,142,True,2021-03-27 14:27:06,R_1E55hYsTqxHmLjm,,,,,46.0594024658203125,-118.3361053466796875,anonymous,EN,White,,Male,,2024,No,No,,Washington,2,"Instagram,Snapchat,GroupMe",,"Instagram,Snapchat,GroupMe",,"Instagram,Twitter,TikTok",,1,Once every few weeks,"Staying in touch with friends and/or family,Finding entertaining content,Filling spare time",,1,"Instagram,Snapchat",,"Instagram,Snapchat,GroupMe,TikTok",
2021-03-27 14:28:50,2021-03-27 14:34:13,IP Address,96.86.105.42,100,322,True,2021-03-27 14:34:13,R_soqdkUaS8Y8Porv,,,,,43.1699981689453125,-73.05269622802734375,anonymous,EN,Asian or Asian American,,Non-Binary,,2024,No,No,,California,1,"Facebook Messenger,Instagram",,"Facebook Messenger,Instagram,Twitter",,"Instagram,Snapchat,TikTok",,2,Less often,"Staying in touch with friends and/or family,Finding entertaining content,Sharing photos and videos",,0,"Facebook,Facebook Messenger,Instagram,LinkedIn",,"Facebook Messenger,Instagram,LinkedIn,GroupMe",
2021-03-27 16:38:04,2021-03-27 16:42:25,IP Address,73.89.31.174,100,261,True,2021-03-27 16:42:26,R_3e8Z9p3NStmRE8n,,,,,42.391204833984375,-71.08820343017578125,anonymous,EN,White,,Female,,2022,No,Yes,France,,2,"Facebook,Facebook Messenger,Instagram,LinkedIn,Snapchat,WhatsApp",,"Facebook Messenger,Instagram,LinkedIn",,"Instagram,Twitter,TikTok",,2,Once every few weeks,"Staying in touch with friends and/or family,Staying updated on current events,Sharing photos and videos",,0,"Facebook,Facebook Messenger,Instagram,LinkedIn,Snapchat,WhatsApp,GroupMe",,"Facebook,Facebook Messenger,Instagram,LinkedIn,Snapchat,WhatsApp",
2021-03-27 18:41:39,2021-03-27 18:44:07,IP Address,68.160.217.16,100,147,True,2021-03-27 18:44:08,R_2YG3KS6VpeOu6nU,,,,,40.8000030517578125,-73.9763031005859375,anonymous,EN,White,,Female,,2024,No,No,,Virginia,,"WhatsApp,TikTok",,TikTok,,"Instagram,Twitter,TikTok",,2,Once every few weeks,"Staying in touch with friends and/or family,Finding entertaining content,Filling spare time",,-2,"Instagram,Twitter,WhatsApp",,"WhatsApp,GroupMe,TikTok",
2021-03-27 18:48:31,2021-03-27 18:51:49,IP Address,68.7.132.39,100,197,True,2021-03-27 18:51:49,R_3KD96ZtWU5lHBOq,,,,,32.6587066650390625,-116.9651947021484375,anonymous,EN,Hispanic or Latinx,,Female,,2023,No,No,,California,1,"Facebook,Facebook Messenger,Instagram,LinkedIn,Snapchat,GroupMe",,"Facebook Messenger,Snapchat,GroupMe",,"Instagram,Snapchat,Twitter",,3,About once a day,"Staying in touch with friends and/or family,Staying updated on current events,Networking with other people",,-2,"Facebook,Facebook Messenger,Instagram,LinkedIn,Snapchat,GroupMe,Other",Pinterest,"Facebook,Facebook Messenger,LinkedIn,Snapchat,GroupMe,Other",Pinterest
2021-03-27 21:38:19,2021-03-27 21:40:06,IP Address,73.81.152.68,100,106,True,2021-03-27 21:40:06,R_1Kp3s9ZofOsbhwC,,,,,40.0345001220703125,-75.11930084228515625,anonymous,EN,Asian or Asian American,,Female,,2023,No,No,,Florida,2,"Facebook,Instagram,LinkedIn,Snapchat,Twitter,GroupMe,TikTok",,"Instagram,Snapchat,TikTok",,"Instagram,Snapchat,TikTok",,4,Once every few weeks,"Staying in touch with friends and/or family,Staying updated on current events,Sharing photos and videos",,4,"Facebook,Instagram,Snapchat,Twitter,GroupMe",,"LinkedIn,TikTok",
2021-03-28 12:16:44,2021-03-28 12:20:13,IP Address,174.196.199.32,100,208,True,2021-03-28 12:20:13,R_1CrR3GjmqDYaoro,,,,,42.3473968505859375,-71.158203125,anonymous,EN,White,,Female,,2024,No,No,,Illinois,1,Instagram,,"Instagram,Snapchat,TikTok",,"Instagram,Snapchat,TikTok",,2,Less often,"Staying updated on current events,Finding entertaining content,Filling spare time",,1,"Instagram,Snapchat,GroupMe",,"Facebook Messenger,Instagram,Snapchat,GroupMe",
2021-03-27 11:06:09,2021-03-28 13:05:29,IP Address,108.20.212.94,100,93559,True,2021-03-28 13:05:29,R_us1jUiR97k6EA49,,,,,42.2440948486328125,-71.16880035400390625,anonymous,EN,Black or African American,,Female,,2024,No,No,,Massachusetts,0,"Instagram,Twitter,GroupMe,TikTok",,"Instagram,Twitter,TikTok",,"Instagram,Snapchat,TikTok",,9,Less often,"Staying updated on current events,Finding entertaining content,Filling spare time",,5,"Instagram,Twitter,TikTok",,"Facebook,Instagram,Twitter,GroupMe,TikTok",
2021-03-28 18:32:03,2021-03-28 18:34:30,IP Address,65.112.8.55,100,147,True,2021-03-28 18:34:31,R_3MczI00r3PH0CT3,,,,,42.3737030029296875,-71.1284027099609375,anonymous,EN,White,,Female,,2021,Yes,No,,Wisconsin,,"Facebook,Facebook Messenger,Instagram,Snapchat",,"Facebook,Instagram,Snapchat",,"Instagram,Snapchat,TikTok",,3,Once every few weeks,"Staying in touch with friends and/or family,Staying updated on current events,Finding entertaining content",,3,"Facebook,Facebook Messenger,Instagram,LinkedIn,Snapchat,GroupMe",,"Facebook,Facebook Messenger,Instagram,LinkedIn,Snapchat,Twitter,WhatsApp,GroupMe,TikTok",
2021-03-26 15:02:55,2021-03-28 20:07:26,IP Address,73.146.176.159,100,191070,True,2021-03-28 20:07:27,R_7PvIarEw2Wa3ylb,,,,,39.8450927734375,-86.1905975341796875,anonymous,EN,Hispanic or Latinx,,Female,,2021,Yes,No,,indiana,1,"Instagram,Snapchat,Twitter,TikTok",,"Snapchat,Twitter,TikTok",,"Instagram,LinkedIn,Twitter",,2,Less often,"Staying updated on current events,Finding entertaining content,Shopping and/or researching products",,3,"Snapchat,Twitter,WhatsApp,GroupMe",,"Instagram,Snapchat,Twitter,GroupMe,TikTok",
2021-03-29 10:27:54,2021-03-29 10:32:17,IP Address,76.6.100.104,100,263,True,2021-03-29 10:32:18,R_3EEYhGArZRHH0Qz,,,,,42.74090576171875,-90.490997314453125,anonymous,EN,Asian or Asian American,,Female,,2021,Prefer not to say,No,,Wisconsin,0,Other,Tumblr,Other,Tumblr,"Facebook Messenger,Instagram,Twitter",,4,Several times a day,"Finding entertaining content,Filling spare time",,0,"Facebook,Facebook Messenger,Instagram,GroupMe,Other",Tumblr,Other,Tumblr
2021-03-29 20:18:09,2021-03-29 20:21:38,IP Address,65.112.8.26,100,209,True,2021-03-29 20:21:38,R_2lcGzNiGcsog17X,,,,,42.3737030029296875,-71.1284027099609375,anonymous,EN,Asian or Asian American,,Female,,2024,Yes,No,,Connecticut,1,"Facebook Messenger,Instagram,Snapchat,GroupMe",,"Instagram,Snapchat,GroupMe",,"Instagram,Snapchat,TikTok",,2,Several times a week,"Staying in touch with friends and/or family,Finding entertaining content,Sharing photos and videos",,2,"Facebook,Facebook Messenger,Instagram,Snapchat,Twitter,GroupMe,TikTok",,"Facebook,Facebook Messenger,Instagram,Snapchat,Twitter,GroupMe,TikTok",
2021-03-29 23:52:19,2021-03-29 23:54:38,IP Address,65.112.8.20,100,138,True,2021-03-29 23:54:38,R_2wjAU8DBtG6P244,,,,,42.3737030029296875,-71.1284027099609375,anonymous,EN,Middle Eastern or North African,,Female,,2022,No,No,,NY,2,"Facebook Messenger,Instagram,Twitter",,"Facebook Messenger,Instagram,Twitter",,"Instagram,Twitter,TikTok",,1,Once every few weeks,"Staying in touch with friends and/or family,Staying updated on current events,Finding entertaining content",,3,"Facebook Messenger,Instagram",,"Facebook Messenger,Instagram,Twitter,TikTok",
2021-03-30 07:17:11,2021-03-30 07:24:05,IP Address,73.21.124.55,100,413,True,2021-03-30 07:24:05,R_87YlJFqXiHEgOoV,,,,,32.10699462890625,-81.24990081787109375,anonymous,EN,Asian or Asian American,,Female,,2023,Prefer not to say,No,,Georgia,2,"Facebook,Facebook Messenger,Instagram,Snapchat,Twitter,TikTok",,"Facebook,Twitter,TikTok",,"Instagram,Snapchat,TikTok",,4,Less often,"Staying in touch with friends and/or family,Staying updated on current events,Finding entertaining content",,0,"Facebook,Facebook Messenger,Instagram,LinkedIn,Snapchat,Twitter,GroupMe,TikTok",,"Facebook,Facebook Messenger,LinkedIn,Snapchat,Twitter,TikTok",
2021-03-30 10:11:48,2021-03-30 10:14:18,IP Address,65.112.8.58,100,149,True,2021-03-30 10:14:18,R_2atSIQ9N7MWtbCJ,,,,,42.3737030029296875,-71.1284027099609375,anonymous,EN,White,,Female,,2023,No,No,,"Massachusetts ",1,"Facebook,Instagram,Snapchat,GroupMe,TikTok",,"Instagram,Snapchat,TikTok",,"Instagram,Snapchat,TikTok",,4,About once a week,"Staying in touch with friends and/or family,Finding entertaining content,Sharing photos and videos",,2,"Facebook,Instagram,LinkedIn,Snapchat",,"Facebook,Instagram,LinkedIn,Snapchat,GroupMe,TikTok",
2021-03-30 10:16:30,2021-03-30 10:19:50,IP Address,79.1.40.37,100,199,True,2021-03-30 10:19:50,R_AhsJEXxupNr0VYR,,,,,43.789093017578125,11.235595703125,anonymous,EN,Other,Asian and Middle Eastern,Female,,2023,No,No,,Connecticut,4,"Instagram,Snapchat,WhatsApp,GroupMe,TikTok",,"Instagram,Snapchat,TikTok",,"Instagram,Snapchat,TikTok",,3,Once every few weeks,"Staying in touch with friends and/or family,Meeting other people,Sharing photos and videos",,2,"Facebook,Instagram,Snapchat,GroupMe",,"Instagram,Snapchat,WhatsApp,GroupMe,TikTok",
2021-03-30 10:24:39,2021-03-30 10:26:46,IP Address,65.112.8.17,100,127,True,2021-03-30 10:26:46,R_2tEujZDChg82sJc,,,,,42.3737030029296875,-71.1284027099609375,anonymous,EN,White,,Male,,2023,Prefer not to say,Yes,Slovakia,,1,"Facebook,Facebook Messenger,Instagram,WhatsApp,GroupMe",,"Facebook Messenger,Instagram",,"Instagram,Snapchat,TikTok",,3,Less often,"Staying in touch with friends and/or family,Staying updated on current events,Finding entertaining content",,1,"Facebook,Facebook Messenger,Instagram,WhatsApp,GroupMe",,"Facebook,Facebook Messenger,Instagram,WhatsApp,GroupMe",
2021-03-30 10:37:49,2021-03-30 10:39:23,IP Address,220.255.113.58,100,93,True,2021-03-30 10:39:23,R_xDXmneTI0zYtc7n,,,,,1.3690032958984375,103.88641357421875,anonymous,EN,Asian or Asian American,,Male,,2023,No,Yes,Singapore,,2,"Facebook,Facebook Messenger,Instagram,WhatsApp",,"Facebook Messenger,Instagram,WhatsApp",,"Facebook,Instagram,Twitter",,4,Never,"Staying in touch with friends and/or family,Finding entertaining content,Sharing photos and videos",,2,"Facebook,Facebook Messenger,Instagram,WhatsApp",,"Facebook,Facebook Messenger,Instagram,WhatsApp",
2021-03-30 10:33:44,2021-03-30 10:40:02,IP Address,73.69.68.30,100,377,True,2021-03-30 10:40:03,R_2c8IymwzkMU7F29,,,,,42.37969970703125,-71.10340118408203125,anonymous,EN,White,,Male,,2023,No,No,,Massachusetts,3,"Instagram,LinkedIn,Snapchat,WhatsApp,GroupMe",,"Instagram,LinkedIn,Snapchat",,"Instagram,Snapchat,TikTok",,1,Less often,"Networking with other people,Finding entertaining content,Filling spare time",,2,"Facebook,Instagram,LinkedIn,Snapchat",,"Facebook,Instagram,LinkedIn,Snapchat",
2021-03-30 10:46:47,2021-03-30 10:48:47,IP Address,65.112.8.19,100,120,True,2021-03-30 10:48:48,R_xcuUV7PrjfST2CJ,,,,,42.3737030029296875,-71.1284027099609375,anonymous,EN,Asian or Asian American,,Female,,2024,Yes,No,,Missouri,3,"Facebook,Facebook Messenger,Instagram,GroupMe",,"Facebook,Facebook Messenger,Instagram",,"Instagram,Snapchat,TikTok",,5,Once every few weeks,"Staying in touch with friends and/or family,Staying updated on current events,Finding entertaining content",,4,"Facebook,Facebook Messenger,Instagram,Snapchat,GroupMe",,"Facebook,Facebook Messenger,Instagram,GroupMe",
2021-03-30 10:47:01,2021-03-30 10:49:55,IP Address,172.113.212.114,100,174,True,2021-03-30 10:49:56,R_2B5RbyJ3AL6lp63,,,,,33.999298095703125,-118.28680419921875,anonymous,EN,Hispanic or Latinx,,Female,,2024,Yes,No,,California,0,"Instagram,LinkedIn",,"Instagram,LinkedIn,Twitter",,"Instagram,Twitter,TikTok",,4,Several times a week,"Staying updated on current events,Finding entertaining content,Filling spare time",,4,"Instagram,Snapchat",,"Instagram,LinkedIn,Twitter",
2021-03-30 10:46:51,2021-03-30 10:52:31,IP Address,65.112.8.28,100,340,True,2021-03-30 10:52:31,R_3ktbhai64LWMmxx,,,,,42.3737030029296875,-71.1284027099609375,anonymous,EN,Black or African American,,Female,,2023,Yes,No,,"Kentucky ",2,"Instagram,Snapchat,Twitter,TikTok",,"Instagram,Twitter,TikTok",,"Snapchat,Twitter,TikTok",,10,Several times a day,"Finding entertaining content,Sharing opinions,Filling spare time",,4,"Instagram,Snapchat,Twitter,TikTok",,"Instagram,Snapchat,Twitter,TikTok",
2021-03-30 10:51:31,2021-03-30 10:54:33,IP Address,99.128.7.77,100,181,True,2021-03-30 10:54:33,R_2YIYtqgACrDs8h3,,,,,28.7593994140625,-81.3511962890625,anonymous,EN,Black or African American,,Female,,2023,No,No,,FL,1,"Snapchat,Twitter,GroupMe,TikTok",,"Instagram,Twitter,TikTok",,"Instagram,Snapchat,Twitter",,2,Less often,"Staying in touch with friends and/or family,Finding entertaining content,Sharing photos and videos",,1,"Instagram,Snapchat,Twitter,GroupMe",,"Instagram,Snapchat,Twitter,GroupMe,TikTok",
2021-03-30 10:48:41,2021-03-30 10:55:03,IP Address,71.80.183.112,100,382,True,2021-03-30 10:55:04,R_2wB83zIEqvGckC0,,,,,33.9098052978515625,-118.0713958740234375,anonymous,EN,Hispanic or Latinx,,Male,,2021,Yes,No,,CA,2,"Facebook,Instagram,Twitter",,"Instagram,Twitter",,"Instagram,Twitter,TikTok",,5,Several times a week,"Staying updated on current events,Finding entertaining content,Sharing opinions",,2,"Facebook,Instagram,Twitter,GroupMe",,"Facebook,Instagram,Twitter",
2021-03-30 10:53:07,2021-03-30 10:55:05,IP Address,73.88.39.97,100,118,True,2021-03-30 10:55:06,R_2tD7ZgwUGMnDWie,,,,,44.8961944580078125,-93.10359954833984375,anonymous,EN,White,,Female,,2024,No,No,,california,2,"Facebook,Instagram,Snapchat,WhatsApp",,WhatsApp,,"Instagram,WhatsApp,TikTok",,1,Less often,"Staying in touch with friends and/or family,Finding entertaining content,Filling spare time",,1,"Facebook,Instagram,Snapchat,Twitter,WhatsApp,GroupMe",,"Facebook,Facebook Messenger,Instagram,LinkedIn,Snapchat,Twitter,WhatsApp,GroupMe",
2021-03-30 10:52:39,2021-03-30 10:55:50,IP Address,24.42.49.114,100,190,True,2021-03-30 10:55:50,R_z1lUuSFNARAcnq9,,,,,18.3860931396484375,-66.04340362548828125,anonymous,EN,Hispanic or Latinx,,Male,,2023,Yes,No,,Puerto Rico,,WhatsApp,,"LinkedIn,WhatsApp,GroupMe",,"Instagram,Snapchat,Twitter",,1,Never,Staying in touch with friends and/or family,,0,"Facebook,Instagram,LinkedIn,Snapchat,Twitter,WhatsApp,GroupMe",,"Facebook,Instagram,LinkedIn,Snapchat,Twitter,WhatsApp,GroupMe",
2021-03-30 10:55:42,2021-03-30 10:57:48,IP Address,65.112.8.19,100,125,True,2021-03-30 10:57:48,R_3O1aQAcGM5LXhfv,,,,,42.3737030029296875,-71.1284027099609375,anonymous,EN,Asian or Asian American,,Female,,2021,No,No,,Texas,2,"Facebook,Facebook Messenger,Instagram,Snapchat,TikTok",,"Facebook,Instagram,Snapchat",,Instagram,,6,Once every few weeks,"Staying in touch with friends and/or family,Finding entertaining content,Sharing photos and videos",,4,"Facebook,Facebook Messenger,Instagram,Snapchat,GroupMe",,"Facebook,Facebook Messenger,Instagram,Snapchat,TikTok",
2021-03-30 10:58:34,2021-03-30 11:00:16,IP Address,205.166.145.253,100,102,True,2021-03-30 11:00:16,R_3NQgCsUsueVMbxw,,,,,42.3634033203125,-71.07129669189453125,anonymous,EN,White,,Female,,2024,No,No,,TX,2,"Instagram,Snapchat,WhatsApp,GroupMe,TikTok",,"Instagram,Snapchat,TikTok",,"Instagram,Snapchat,TikTok",,4,Less often,"Staying in touch with friends and/or family,Finding entertaining content,Filling spare time",,1,"Instagram,LinkedIn,Snapchat,WhatsApp,GroupMe,TikTok",,"Facebook,Instagram,LinkedIn,Snapchat,WhatsApp,GroupMe,TikTok",
2021-03-30 11:01:11,2021-03-30 11:05:19,IP Address,65.112.8.16,100,248,True,2021-03-30 11:05:20,R_3e8IkmRonSKggfP,,,,,42.3737030029296875,-71.1284027099609375,anonymous,EN,Other,,Female,,2023,Yes,No,,ga,,Other,I don't actually use social media a lot or at all,Other,I don't actually use social media a lot or at all,"Instagram,Snapchat,TikTok",,1,Never,"Staying in touch with friends and/or family,Sharing photos and videos,Filling spare time",,2,"GroupMe,Other","I don't really use social media, don't even have an account/the app for most of these",Other,discord for about an hour a week
2021-03-30 11:04:18,2021-03-30 11:06:43,IP Address,107.77.223.90,100,144,True,2021-03-30 11:06:43,R_6D6Hf1KtVeBzGDv,,,,,40.6876983642578125,-73.92669677734375,anonymous,EN,Hispanic or Latinx,,Female,,2022,Yes,No,,CT,2,"Facebook,Facebook Messenger,Instagram,LinkedIn,Twitter,WhatsApp,GroupMe",,"Facebook,Instagram,GroupMe",,"Facebook,Instagram,Twitter",,5,Less often,"Staying in touch with friends and/or family,Finding entertaining content,Filling spare time",,9,"Facebook,Instagram",,"Facebook,Facebook Messenger,Instagram,LinkedIn,Twitter,WhatsApp,GroupMe",
2021-03-30 10:52:14,2021-03-30 11:09:14,IP Address,65.112.8.29,100,1020,True,2021-03-30 11:09:15,R_2Xp6Ys4IVRqvrAy,,,,,42.3737030029296875,-71.1284027099609375,anonymous,EN,Black or African American,,Female,,2022,Yes,No,,"Connecticut ",0,TikTok,,TikTok,,"Instagram,Twitter,TikTok",,3,Never,"Staying updated on current events,Finding entertaining content,Filling spare time",,-4,"Instagram,LinkedIn,GroupMe",,TikTok,
2021-03-30 11:06:03,2021-03-30 11:09:48,IP Address,68.14.60.96,100,225,True,2021-03-30 11:09:48,R_UtLVH5VsnsFr6P7,,,,,41.70660400390625,-72.57450103759765625,anonymous,EN,White,,Female,,2024,No,No,,CT,,"Facebook,Facebook Messenger,GroupMe",,"Facebook,Facebook Messenger,GroupMe",,"Instagram,Snapchat,TikTok",,0,Less often,"Staying in touch with friends and/or family,Staying updated on current events,Networking with other people",,1,Other,None,"Facebook,Facebook Messenger,GroupMe",
2021-03-30 11:04:14,2021-03-30 11:10:36,IP Address,99.150.207.39,100,382,True,2021-03-30 11:10:36,R_1nUU5SVOKPSszgv,,,,,33.8358001708984375,-117.9062957763671875,anonymous,EN,Asian or Asian American,,Male,,2024,Yes,No,,California,2,"Facebook Messenger,GroupMe",,"Facebook,Facebook Messenger,Instagram",,"Instagram,Snapchat,Twitter",,1,Less often,"Staying in touch with friends and/or family,Sharing photos and videos,Filling spare time",,-4,"Facebook,Facebook Messenger,Instagram,Snapchat,GroupMe,TikTok",,"Facebook Messenger,GroupMe",
2021-03-30 11:08:26,2021-03-30 11:12:34,IP Address,76.218.99.110,100,247,True,2021-03-30 11:12:35,R_2cjzAi8GTwR3XVT,,,,,37.7906036376953125,-122.2411956787109375,anonymous,EN,Asian or Asian American,,Female,,2024,Yes,No,,CA,0,"LinkedIn,Twitter,GroupMe",,Other,"I donâ€™t use any of the above regularly. ","Instagram,Snapchat,TikTok",,1,Never,"Staying in touch with friends and/or family,Staying updated on current events,Finding entertaining content",,4,"Facebook Messenger,LinkedIn",,Twitter,
2021-03-30 11:11:01,2021-03-30 11:13:32,IP Address,24.146.158.203,100,150,True,2021-03-30 11:13:33,R_6L7TNwchP9RcYmt,,,,,40.942596435546875,-73.111602783203125,anonymous,EN,White,,Male,,2021,Prefer not to say,No,,NY,2,"Twitter,WhatsApp",,"Twitter,GroupMe,TikTok",,"Instagram,Snapchat,TikTok",,2,About once a week,"Staying updated on current events,Networking with other people,Finding entertaining content",,1,"Twitter,GroupMe",,"Twitter,WhatsApp,GroupMe",
2021-03-30 11:14:03,2021-03-30 11:16:31,IP Address,162.201.37.202,100,147,True,2021-03-30 11:16:31,R_O82FeOxT7ItIz2V,,,,,39.957305908203125,-86.27700042724609375,anonymous,EN,Hispanic or Latinx,,Male,,2023,No,No,,Indiana,2,"Instagram,Snapchat,GroupMe",,"Instagram,Snapchat,WhatsApp",,"Instagram,Snapchat,TikTok",,1,Once every few weeks,"Staying in touch with friends and/or family,Staying updated on current events,Finding entertaining content",,1,"Instagram,Snapchat,WhatsApp,GroupMe",,"Instagram,Snapchat,WhatsApp,GroupMe",
2021-03-30 11:30:15,2021-03-30 11:33:04,IP Address,96.233.58.42,100,168,True,2021-03-30 11:33:04,R_BFn8YNNB5LkCe1b,,,,,42.117706298828125,-71.32689666748046875,anonymous,EN,White,,Female,,2022,Yes,No,,MA,3,"LinkedIn,GroupMe",,Other,I hate them all,"Instagram,Snapchat,TikTok",,1,Less often,Networking with other people,,-3,"Instagram,GroupMe",,"LinkedIn,GroupMe",
2021-03-30 11:35:24,2021-03-30 11:37:32,IP Address,65.112.8.48,100,128,True,2021-03-30 11:37:33,R_2bUmN5sr71Wfd55,,,,,42.3737030029296875,-71.1284027099609375,anonymous,EN,Asian or Asian American,,Female,,2022,No,No,,California,1,"Facebook,Facebook Messenger,Instagram",,"Facebook,Facebook Messenger,Instagram",,"Facebook,Instagram,TikTok",,2,Less often,"Staying in touch with friends and/or family,Staying updated on current events,Finding entertaining content",,3,"Facebook,Facebook Messenger,Instagram",,"Facebook,Facebook Messenger,Instagram",
2021-03-30 11:56:31,2021-03-30 11:59:14,IP Address,172.7.182.174,100,163,True,2021-03-30 11:59:15,R_2Uiq3iSifggKqfr,,,,,42.473602294921875,-83.5186004638671875,anonymous,EN,Asian or Asian American,,Male,,2024,No,No,,Michigan,0,"Facebook,Facebook Messenger,GroupMe",,Facebook Messenger,,"Instagram,Twitter,TikTok",,1,Less often,"Staying in touch with friends and/or family,Finding entertaining content,Filling spare time",,-4,"Facebook,Facebook Messenger,Snapchat",,"Facebook,Facebook Messenger,LinkedIn,GroupMe",
2021-03-30 11:52:02,2021-03-30 12:01:23,IP Address,68.175.137.182,100,561,True,2021-03-30 12:01:23,R_3EExsAMf9BdWo1y,,,,,42.4452056884765625,-76.49199676513671875,anonymous,EN,White,,Female,,2022,No,No,,CT,0,"Instagram,Twitter,GroupMe",,"Instagram,Twitter,GroupMe",,"Instagram,Snapchat,TikTok",,3,Never,"Staying updated on current events,Finding entertaining content,Filling spare time",,3,"Facebook,Facebook Messenger,Instagram,Twitter,GroupMe",,"Facebook Messenger,Instagram,Snapchat,GroupMe,Other",what do you mean post-pandemic... we're still in a pandemic
2021-03-30 12:03:33,2021-03-30 12:05:43,IP Address,174.196.192.238,100,130,True,2021-03-30 12:05:43,R_1nTsNCk77B6BUeD,,,,,42.34979248046875,-71.07649993896484375,anonymous,EN,White,,Male,,2024,No,No,,Minnesota,1,"Facebook,Instagram,Snapchat,Other",YouTube,"Snapchat,Other",YouTube,Snapchat,,1,Less often,"Staying in touch with friends and/or family,Networking with other people,Finding entertaining content",,1,Snapchat,,"Facebook,Instagram,Snapchat",
2021-03-30 12:16:26,2021-03-30 12:20:33,IP Address,174.242.76.246,100,247,True,2021-03-30 12:20:34,R_9RXU0SR2YylMOtj,,,,,42.336395263671875,-71.03260040283203125,anonymous,EN,White,,Male,,2023,Yes,No,,Colorado,2,"Instagram,Snapchat,GroupMe,TikTok",,"Instagram,Snapchat,TikTok",,"Instagram,Snapchat,TikTok",,4,Less often,"Staying in touch with friends and/or family,Finding entertaining content,Filling spare time",,6,"Facebook,Facebook Messenger,Instagram,Snapchat,GroupMe",,"Facebook,Facebook Messenger,Instagram,LinkedIn,Snapchat,Twitter,WhatsApp,GroupMe,TikTok",
2021-03-30 12:32:58,2021-03-30 12:35:05,IP Address,67.242.143.131,100,126,True,2021-03-30 12:35:06,R_2zDdoEEIvElAxqo,,,,,43.3925933837890625,-70.47280120849609375,anonymous,EN,Asian or Asian American,,Female,,2023,No,No,,NJ,2,"Instagram,Snapchat,GroupMe,TikTok",,"Instagram,Snapchat,TikTok",,"Instagram,Snapchat,TikTok",,2,Once every few weeks,"Staying in touch with friends and/or family,Finding entertaining content,Sharing photos and videos",,2,"Facebook,Facebook Messenger,Instagram,LinkedIn,Snapchat,WhatsApp,GroupMe,TikTok",,"Facebook,Facebook Messenger,Instagram,LinkedIn,Snapchat,GroupMe,TikTok",
2021-03-30 12:50:20,2021-03-30 12:52:27,IP Address,65.112.8.29,100,126,True,2021-03-30 12:52:27,R_1OSSEQrGeWosJtl,,,,,42.3737030029296875,-71.1284027099609375,anonymous,EN,Hispanic or Latinx,,Non-Binary,,2023,Yes,No,,california,3,"Facebook,Instagram,TikTok",,"Instagram,TikTok,Other",tumblr,"Instagram,Twitter,TikTok",,5,Several times a day,"Staying updated on current events,Sharing opinions,Shopping and/or researching products",,5,"Facebook,Facebook Messenger,Instagram",,"Facebook,Instagram,Snapchat,Twitter,TikTok",
2021-03-30 12:52:09,2021-03-30 12:54:37,IP Address,72.134.182.221,100,148,True,2021-03-30 12:54:57,R_1mfJeUJPNP3p4Ku,,,,,34.006805419921875,-118.2559967041015625,anonymous,EN,Hispanic or Latinx,,Female,,2024,Yes,No,,California,2,"Instagram,Twitter,GroupMe",,"Instagram,Twitter,GroupMe",,"Instagram,Snapchat,TikTok",,4,About once a week,"Staying in touch with friends and/or family,Staying updated on current events,Finding entertaining content",,1,"Instagram,Twitter",,"Instagram,Twitter,GroupMe",
2021-03-30 12:55:25,2021-03-30 12:57:33,IP Address,24.147.238.253,100,128,True,2021-03-30 12:57:48,R_3k88JdJ79xqgl2D,,,,,42.39349365234375,-71.18360137939453125,anonymous,EN,Asian or Asian American,,Female,,2024,No,No,,MA,2,"Facebook,Facebook Messenger,Instagram,Snapchat,Twitter,GroupMe,TikTok",,"Facebook,Instagram,Snapchat",,"Instagram,Snapchat,TikTok",,2,Less often,"Staying in touch with friends and/or family,Finding entertaining content,Filling spare time",,1,"Facebook,Instagram,Snapchat,GroupMe",,"Facebook,Facebook Messenger,Instagram,Snapchat,Twitter,GroupMe,TikTok",
2021-03-30 13:19:29,2021-03-30 13:21:37,IP Address,50.25.179.82,100,127,True,2021-03-30 13:21:37,R_3lG2EM0L3iGxajY,,,,,34.9463958740234375,-92.03220367431640625,anonymous,EN,White,,Female,,2023,Yes,No,,Arkansas,1,"Facebook,Facebook Messenger,Instagram,Snapchat,GroupMe,TikTok",,"Instagram,Snapchat,TikTok",,"Instagram,Snapchat,TikTok",,4,About once a week,"Staying in touch with friends and/or family,Sharing photos and videos,Filling spare time",,2,"Facebook,Facebook Messenger,Instagram,Snapchat,Twitter,WhatsApp,GroupMe,TikTok",,"Facebook,Facebook Messenger,Instagram,Snapchat,GroupMe,TikTok",
2021-03-30 13:32:05,2021-03-30 13:34:56,IP Address,24.59.132.1,100,171,True,2021-03-30 13:34:57,R_2duMH8P3y5e463V,,,,,43.9770965576171875,-75.9093017578125,anonymous,EN,Black or African American,,Female,,2022,Yes,No,,"Florida ",2,"Instagram,Snapchat,Twitter,GroupMe,TikTok",,"Snapchat,Twitter,TikTok",,"Snapchat,Twitter,TikTok",,4,Less often,"Staying in touch with friends and/or family,Staying updated on current events,Finding entertaining content",,0,"Facebook,Instagram,LinkedIn,Snapchat,Twitter,GroupMe,TikTok",,"Facebook,Instagram,LinkedIn,Snapchat,Twitter,GroupMe,TikTok",
2021-03-30 13:43:13,2021-03-30 13:56:03,IP Address,209.201.124.170,100,770,True,2021-03-30 13:56:04,R_TvXdAirHVov9j7b,,,,,48.0619049072265625,-114.07689666748046875,anonymous,EN,White,,Female,,2022,Yes,No,,Montana,3,"Facebook,Facebook Messenger,Instagram,LinkedIn,Snapchat,Twitter,WhatsApp,GroupMe,TikTok",,"Instagram,Snapchat,TikTok",,"Snapchat,TikTok",,4,Once every few weeks,"Staying in touch with friends and/or family,Finding entertaining content,Filling spare time",,2,"Facebook,Facebook Messenger,Instagram,LinkedIn,Snapchat,Twitter",,"Facebook,Facebook Messenger,Instagram,Snapchat,Twitter,WhatsApp,GroupMe,TikTok",
2021-03-30 14:21:32,2021-03-30 14:25:23,IP Address,73.151.56.107,100,231,True,2021-03-30 14:25:24,R_26nxRayxIDCc3Zs,,,,,38.4062957763671875,-121.4286956787109375,anonymous,EN,Hispanic or Latinx,,Female,,2024,Yes,No,,california,,"Instagram,Snapchat,WhatsApp,GroupMe,TikTok",,"Instagram,Snapchat,TikTok",,"Instagram,Snapchat,TikTok",,4,About once a week,"Staying in touch with friends and/or family,Sharing photos and videos,Filling spare time",,3,"Instagram,Snapchat",,TikTok,
2021-03-30 14:31:11,2021-03-30 14:33:07,IP Address,65.112.8.30,100,116,True,2021-03-30 14:33:08,R_1f8vJ1OtHJDYiYy,,,,,42.3737030029296875,-71.1284027099609375,anonymous,EN,White,,Female,,2022,No,No,,Tennessee,1,"Facebook,Facebook Messenger,Instagram,LinkedIn,Snapchat,Twitter,GroupMe,TikTok",,"Instagram,Twitter,TikTok",,"Snapchat,Twitter,TikTok",,4,Several times a week,"Staying updated on current events,Finding entertaining content,Filling spare time",,3,"Facebook,Facebook Messenger,Instagram,LinkedIn,Snapchat,Twitter,GroupMe",,"Facebook,Facebook Messenger,Instagram,LinkedIn,Snapchat,Twitter,GroupMe,TikTok",
2021-03-30 14:35:33,2021-03-30 14:38:43,IP Address,73.81.84.31,100,190,True,2021-03-30 14:38:43,R_3PXr108QrMKlDLR,,,,,40.0377960205078125,-75.06929779052734375,anonymous,EN,White,,Female,,2023,Yes,No,,PA,1,"Snapchat,Other",Youtube,"Snapchat,TikTok,Other",Youtube,"Instagram,Snapchat,TikTok",,2,Never,"Staying in touch with friends and/or family,Staying updated on current events,Finding entertaining content",,-5,"Facebook,Facebook Messenger,Instagram,LinkedIn,Snapchat,GroupMe,TikTok,Other",YouTube,Other,YouTube
2021-03-30 15:35:37,2021-03-30 15:39:07,IP Address,65.112.8.17,100,209,True,2021-03-30 15:39:07,R_3k6NAoDJsQEHhTy,,,,,42.3737030029296875,-71.1284027099609375,anonymous,EN,Black or African American,,Male,,2024,Yes,No,,Massachusetts,2,"Instagram,LinkedIn,Snapchat,Other",Discord,"Instagram,Snapchat,Other",Discord,"Instagram,Snapchat,TikTok",,5,Once every few weeks,"Staying in touch with friends and/or family,Meeting other people,Filling spare time",,4,"Instagram,Snapchat,Other",Discord,"Instagram,LinkedIn,Snapchat,Twitter,GroupMe,TikTok,Other",Discord
2021-03-30 15:58:20,2021-03-30 16:00:30,IP Address,74.88.124.111,100,129,True,2021-03-30 16:00:30,R_2y8BzqGPzFk70Ip,,,,,40.79150390625,-73.6923980712890625,anonymous,EN,Asian or Asian American,,Male,,2023,No,No,,New York,2,"Facebook,Instagram,LinkedIn,Snapchat,Twitter,GroupMe,TikTok",,"Instagram,Snapchat,Twitter",,"Instagram,Snapchat,GroupMe",,3,About once a day,"Staying updated on current events,Sharing photos and videos,Sharing opinions",,2,"Instagram,Snapchat",,"Facebook,Facebook Messenger,Instagram,LinkedIn,Snapchat,Twitter,WhatsApp,GroupMe,TikTok",
2021-03-30 16:20:18,2021-03-30 17:00:24,IP Address,65.112.8.31,100,2405,True,2021-03-30 17:00:25,R_2tqVamiyvYr5nz0,,,,,42.3737030029296875,-71.1284027099609375,anonymous,EN,White,,Female,,2021,No,No,,Colorado,2,"Facebook Messenger,GroupMe",,"Facebook Messenger,LinkedIn,GroupMe",,"Instagram,Snapchat,Twitter",,0,Less often,Staying in touch with friends and/or family,,1,"Facebook Messenger,LinkedIn,GroupMe",,"Facebook Messenger,LinkedIn,GroupMe",
2021-03-30 16:48:08,2021-03-30 17:58:21,IP Address,73.68.244.80,100,4212,True,2021-03-30 17:58:21,R_shzFDCQJJXFCq5j,,,,,43.2187957763671875,-71.5294036865234375,anonymous,EN,Asian or Asian American,,Female,,2023,No,No,,New Hampshire,0,"Snapchat,Twitter",,"Snapchat,Twitter",,"Instagram,Snapchat,Twitter",,2,About once a week,"Meeting other people,Filling spare time",,4,Other,None,"Snapchat,Twitter",
2021-03-30 19:00:22,2021-03-30 19:02:50,IP Address,65.112.8.51,100,147,True,2021-03-30 19:02:52,R_3nINr0GXL9VpQR8,,,,,42.3737030029296875,-71.1284027099609375,anonymous,EN,Asian or Asian American,,Female,,2023,No,No,,California,2,"Facebook,Facebook Messenger,Instagram,Snapchat",,"Facebook Messenger,Instagram,Snapchat",,"Facebook Messenger,Instagram,TikTok",,4,Less often,"Staying in touch with friends and/or family,Staying updated on current events,Finding entertaining content",,2,"Facebook,Facebook Messenger,Instagram,Snapchat,GroupMe",,"Facebook,Facebook Messenger,Instagram,Snapchat,Twitter,TikTok",
2021-03-30 20:05:18,2021-03-30 20:11:15,IP Address,65.112.8.60,100,356,True,2021-03-30 20:11:15,R_eJoqhNG21SgpExr,,,,,42.3737030029296875,-71.1284027099609375,anonymous,EN,Hispanic or Latinx,,Female,,2024,Yes,No,,Texas,2,WhatsApp,,"Instagram,WhatsApp,GroupMe",,"Instagram,Snapchat,TikTok",,2,Never,"Staying in touch with friends and/or family,Finding entertaining content,Filling spare time",,2,"Instagram,WhatsApp,GroupMe",,"Instagram,WhatsApp,GroupMe",
2021-03-30 22:18:41,2021-03-30 22:20:06,IP Address,65.112.8.28,100,84,True,2021-03-30 22:20:07,R_3noa6DJeN1BM11O,,,,,42.3737030029296875,-71.1284027099609375,anonymous,EN,Asian or Asian American,,Male,,2023,No,No,,Massachusetts,0,"Facebook Messenger,Instagram,LinkedIn,Twitter",,"Facebook Messenger,Instagram,Twitter",,"Instagram,Twitter,TikTok",,4,Less often,"Staying in touch with friends and/or family,Finding entertaining content,Filling spare time",,2,"Facebook,Facebook Messenger,Instagram",,"Facebook,Facebook Messenger,Instagram,LinkedIn,Twitter",
2021-04-01 21:06:17,2021-04-01 21:09:54,IP Address,142.114.203.173,100,217,True,2021-04-01 21:09:55,R_2TsE6DUaB2RoXjB,,,,,43.678497314453125,-79.2935028076171875,anonymous,EN,Black or African American,,Female,,2024,No,Yes,Canada,,1,"Facebook Messenger,Instagram,Snapchat,WhatsApp,TikTok",,"Instagram,Snapchat,TikTok",,"Snapchat,Twitter,TikTok",,6,Several times a day,"Staying in touch with friends and/or family,Finding entertaining content,Filling spare time",,5,Snapchat,,"Facebook,Facebook Messenger,Instagram,LinkedIn,Snapchat,WhatsApp,GroupMe,TikTok",
2021-04-02 10:14:37,2021-04-02 10:16:58,IP Address,65.112.8.53,100,140,True,2021-04-02 10:16:58,R_1OpofpTvEZIb8RC,,,,,42.3737030029296875,-71.1284027099609375,anonymous,EN,Black or African American,,Female,,2024,Yes,No,,Texas,2,"Instagram,TikTok",,"Instagram,Twitter,TikTok",,"Instagram,LinkedIn,Twitter",,6,Several times a week,"Staying updated on current events,Finding entertaining content,Sharing opinions",,10,"Instagram,Snapchat,TikTok",,"Facebook,Facebook Messenger,Instagram,Snapchat,Twitter,GroupMe,TikTok",
2021-04-02 11:15:05,2021-04-02 11:17:18,IP Address,107.77.224.39,100,133,True,2021-04-02 11:17:19,R_3MuQE1az2AcU9Bl,,,,,40.8343048095703125,-73.92350006103515625,anonymous,EN,Black or African American,,Non-Binary,,2024,No,No,,Texas,2,"Instagram,Snapchat,Twitter,GroupMe",,"Instagram,Snapchat,Twitter",,"Instagram,Snapchat,TikTok",,4,About once a week,"Staying updated on current events,Finding entertaining content,Filling spare time",,4,"Facebook,Facebook Messenger,Instagram,Snapchat,GroupMe",,"Instagram,Snapchat,Twitter,GroupMe",
2021-03-26 15:03:12,2021-03-26 15:03:42,IP Address,107.77.225.204,43,30,False,2021-04-02 15:19:32,R_bBkYl1vlYiul8k1,,,,,,,anonymous,EN,Hispanic or Latinx,,Male,,2024,Yes,No,,IA,,,,,,,,,,,,,,,,
2021-03-26 15:13:27,2021-03-26 15:13:43,IP Address,71.233.201.25,5,16,False,2021-04-02 15:26:40,R_3j6WmjW5kicDxiw,,,,,,,anonymous,EN,,,,,,,,,,,,,,,,,,,,,,,,,
2021-03-26 14:02:09,2021-03-26 15:05:37,IP Address,50.76.227.198,5,3807,False,2021-04-02 15:27:17,R_vqtHKTZRnWBaBEJ,,,,,,,anonymous,EN,,,,,,,,,,,,,,,,,,,,,,,,,
2021-03-26 15:06:04,2021-03-26 15:37:34,IP Address,66.31.33.1,43,1889,False,2021-04-02 15:37:37,R_3Htsi8YOQ3GWdxK,,,,,,,anonymous,EN,White,,Male,,2023,Yes,No,,Michigan,,,,,,,,,,,,,,,,
2021-03-26 15:40:51,2021-03-26 15:41:13,IP Address,91.65.123.48,33,22,False,2021-04-02 15:41:20,R_3n7Pp02JOj5NZZh,,,,,,,anonymous,EN,Black or African American,,Female,,2022,No,No,,,,,,,,,,,,,,,,,,
2021-03-26 15:49:56,2021-03-26 15:50:01,IP Address,73.69.210.223,5,4,False,2021-04-02 15:50:05,R_30wR3SsdUxXAdzO,,,,,,,anonymous,EN,,,,,,,,,,,,,,,,,,,,,,,,,
2021-03-26 16:08:55,2021-03-26 16:09:02,IP Address,185.115.101.213,5,7,False,2021-04-02 16:09:06,R_2DNWpsAJIPb0A4c,,,,,,,anonymous,EN,,,,,,,,,,,,,,,,,,,,,,,,,
2021-03-26 16:09:46,2021-03-26 16:10:00,IP Address,73.17.150.173,33,13,False,2021-04-02 16:10:02,R_uaFQkmmMWA3r1kZ,,,,,,,anonymous,EN,White,,Male,,2024,No,No,,,,,,,,,,,,,,,,,,
2021-03-26 17:30:24,2021-03-26 17:30:35,IP Address,24.61.243.139,5,10,False,2021-04-02 17:30:37,R_3KVlQHpeDKtgSa2,,,,,,,anonymous,EN,,,,,,,,,,,,,,,,,,,,,,,,,
2021-03-26 18:24:09,2021-03-26 18:24:15,IP Address,98.36.220.123,5,6,False,2021-04-02 18:24:20,R_OKiOsLgT81A6hA5,,,,,,,anonymous,EN,,,,,,,,,,,,,,,,,,,,,,,,,
2021-03-26 15:23:51,2021-03-26 19:51:19,IP Address,65.112.10.75,43,16047,False,2021-04-02 19:51:21,R_vvS0Wvs4AgHaffP,,,,,,,anonymous,EN,White,,Female,,2021,No,No,,Massachusetts,,,,,,,,,,,,,,,,
2021-03-26 20:13:16,2021-03-26 20:13:32,IP Address,68.225.204.94,33,15,False,2021-04-02 20:13:34,R_2vZnMr4p2wCsXns,,,,,,,anonymous,EN,Asian or Asian American,,Male,,Other,No,No,,,,,,,,,,,,,,,,,,
2021-04-03 01:54:21,2021-04-03 01:57:23,IP Address,100.0.28.159,100,182,True,2021-04-03 01:57:24,R_UiRMECNVXXYpHAR,,,,,42.47479248046875,-71.44989776611328125,anonymous,EN,Asian or Asian American,,Female,,2023,No,No,,Massachusetts,2,"Facebook,Facebook Messenger,Instagram,LinkedIn,WhatsApp,GroupMe",,"Facebook,Facebook Messenger,Instagram",,"Instagram,Snapchat,TikTok",,6,About once a day,"Staying in touch with friends and/or family,Sharing photos and videos,Sharing opinions",,3,"Facebook,Facebook Messenger,Instagram,LinkedIn,WhatsApp,GroupMe",,"Facebook,Facebook Messenger,Instagram,LinkedIn,WhatsApp,GroupMe",
